ISO-10303-21;
HEADER;
FILE_DESCRIPTION(('FreeCAD Model'),'2;1');
FILE_NAME('Open CASCADE Shape Model','2026-06-25T12:48:30',('FreeCAD'),(
    'FreeCAD'),'Open CASCADE STEP processor 7.8','FreeCAD','Unknown');
FILE_SCHEMA(('AUTOMOTIVE_DESIGN { 1 0 10303 214 1 1 1 1 }'));
ENDSEC;
DATA;
#1 = APPLICATION_PROTOCOL_DEFINITION('international standard',
  'automotive_design',2000,#2);
#2 = APPLICATION_CONTEXT(
  'core data for automotive mechanical design processes');
#3 = SHAPE_DEFINITION_REPRESENTATION(#4,#10);
#4 = PRODUCT_DEFINITION_SHAPE('','',#5);
#5 = PRODUCT_DEFINITION('design','',#6,#9);
#6 = PRODUCT_DEFINITION_FORMATION('','',#7);
#7 = PRODUCT('Open CASCADE STEP translator 7.8 1',
  'Open CASCADE STEP translator 7.8 1','',(#8));
#8 = PRODUCT_CONTEXT('',#2,'mechanical');
#9 = PRODUCT_DEFINITION_CONTEXT('part definition',#2,'design');
#10 = ADVANCED_BREP_SHAPE_REPRESENTATION('',(#11,#15),#2442);
#11 = AXIS2_PLACEMENT_3D('',#12,#13,#14);
#12 = CARTESIAN_POINT('',(0.,0.,0.));
#13 = DIRECTION('',(0.,0.,1.));
#14 = DIRECTION('',(1.,0.,-0.));
#15 = MANIFOLD_SOLID_BREP('',#16);
#16 = CLOSED_SHELL('',(#17,#57,#88,#119,#688,#1257,#1274,#1291,#1308,
    #1325,#1342,#1359,#1376,#1393,#1410,#1427,#1444,#1461,#1478,#1495,
    #1512,#1529,#1546,#1563,#1580,#1597,#1614,#1631,#1648,#1665,#1682,
    #1699,#1716,#1733,#1750,#1767,#1784,#1801,#1818,#1835,#1852,#1869,
    #1886,#1903,#1920,#1937,#1954,#1971,#1988,#2005,#2022,#2039,#2056,
    #2073,#2090,#2107,#2124,#2141,#2158,#2175,#2192,#2209,#2226,#2243,
    #2260,#2277,#2294,#2311,#2328,#2345,#2362,#2379,#2396,#2413,#2430));
#17 = ADVANCED_FACE('',(#18),#52,.F.);
#18 = FACE_BOUND('',#19,.F.);
#19 = EDGE_LOOP('',(#20,#30,#38,#46));
#20 = ORIENTED_EDGE('',*,*,#21,.T.);
#21 = EDGE_CURVE('',#22,#24,#26,.T.);
#22 = VERTEX_POINT('',#23);
#23 = CARTESIAN_POINT('',(-16.70122880725,-110.8908330798,
    -29.23809547393));
#24 = VERTEX_POINT('',#25);
#25 = CARTESIAN_POINT('',(-16.70122880725,110.89083307981,
    -29.23809547393));
#26 = LINE('',#27,#28);
#27 = CARTESIAN_POINT('',(-16.70122880725,-110.8908330798,
    -29.23809547393));
#28 = VECTOR('',#29,1.);
#29 = DIRECTION('',(0.,1.,0.));
#30 = ORIENTED_EDGE('',*,*,#31,.T.);
#31 = EDGE_CURVE('',#24,#32,#34,.T.);
#32 = VERTEX_POINT('',#33);
#33 = CARTESIAN_POINT('',(-16.10122880725,110.89083307981,8.022814560245
    ));
#34 = LINE('',#35,#36);
#35 = CARTESIAN_POINT('',(-16.70122880725,110.89083307981,
    -29.23809547393));
#36 = VECTOR('',#37,1.);
#37 = DIRECTION('',(1.610057902009E-02,0.,0.999870377277));
#38 = ORIENTED_EDGE('',*,*,#39,.F.);
#39 = EDGE_CURVE('',#40,#32,#42,.T.);
#40 = VERTEX_POINT('',#41);
#41 = CARTESIAN_POINT('',(-16.10122880725,-110.8908330798,8.022814560245
    ));
#42 = LINE('',#43,#44);
#43 = CARTESIAN_POINT('',(-16.10122880725,-110.8908330798,8.022814560245
    ));
#44 = VECTOR('',#45,1.);
#45 = DIRECTION('',(0.,1.,0.));
#46 = ORIENTED_EDGE('',*,*,#47,.F.);
#47 = EDGE_CURVE('',#22,#40,#48,.T.);
#48 = LINE('',#49,#50);
#49 = CARTESIAN_POINT('',(-16.70122880725,-110.8908330798,
    -29.23809547393));
#50 = VECTOR('',#51,1.);
#51 = DIRECTION('',(1.610057902009E-02,0.,0.999870377277));
#52 = PLANE('',#53);
#53 = AXIS2_PLACEMENT_3D('',#54,#55,#56);
#54 = CARTESIAN_POINT('',(-16.70122880725,-110.8908330798,
    -29.23809547393));
#55 = DIRECTION('',(0.999870377277,0.,-1.610057902009E-02));
#56 = DIRECTION('',(1.610057902009E-02,0.,0.999870377277));
#57 = ADVANCED_FACE('',(#58),#83,.F.);
#58 = FACE_BOUND('',#59,.F.);
#59 = EDGE_LOOP('',(#60,#68,#76,#82));
#60 = ORIENTED_EDGE('',*,*,#61,.F.);
#61 = EDGE_CURVE('',#62,#22,#64,.T.);
#62 = VERTEX_POINT('',#63);
#63 = CARTESIAN_POINT('',(-16.70122880725,-110.8908330798,
    -37.98472785918));
#64 = LINE('',#65,#66);
#65 = CARTESIAN_POINT('',(-16.70122880725,-110.8908330798,
    -62.77139396636));
#66 = VECTOR('',#67,1.);
#67 = DIRECTION('',(0.,0.,1.));
#68 = ORIENTED_EDGE('',*,*,#69,.F.);
#69 = EDGE_CURVE('',#70,#62,#72,.T.);
#70 = VERTEX_POINT('',#71);
#71 = CARTESIAN_POINT('',(-16.70122880725,110.89083307981,
    -37.98472785918));
#72 = LINE('',#73,#74);
#73 = CARTESIAN_POINT('',(-16.70122880725,-135.8908330798,
    -37.98472785918));
#74 = VECTOR('',#75,1.);
#75 = DIRECTION('',(0.,-1.,0.));
#76 = ORIENTED_EDGE('',*,*,#77,.T.);
#77 = EDGE_CURVE('',#70,#24,#78,.T.);
#78 = LINE('',#79,#80);
#79 = CARTESIAN_POINT('',(-16.70122880725,110.89083307981,
    -62.77139396636));
#80 = VECTOR('',#81,1.);
#81 = DIRECTION('',(0.,0.,1.));
#82 = ORIENTED_EDGE('',*,*,#21,.F.);
#83 = PLANE('',#84);
#84 = AXIS2_PLACEMENT_3D('',#85,#86,#87);
#85 = CARTESIAN_POINT('',(-16.70122880725,-110.8908330798,
    -62.77139396636));
#86 = DIRECTION('',(1.,0.,0.));
#87 = DIRECTION('',(0.,0.,1.));
#88 = ADVANCED_FACE('',(#89),#114,.F.);
#89 = FACE_BOUND('',#90,.F.);
#90 = EDGE_LOOP('',(#91,#92,#100,#108));
#91 = ORIENTED_EDGE('',*,*,#39,.T.);
#92 = ORIENTED_EDGE('',*,*,#93,.T.);
#93 = EDGE_CURVE('',#32,#94,#96,.T.);
#94 = VERTEX_POINT('',#95);
#95 = CARTESIAN_POINT('',(-15.50122880725,110.89083307981,
    19.097285080265));
#96 = LINE('',#97,#98);
#97 = CARTESIAN_POINT('',(-16.10122880725,110.89083307981,8.022814560245
    ));
#98 = VECTOR('',#99,1.);
#99 = DIRECTION('',(5.409932100871E-02,0.,0.99853555944));
#100 = ORIENTED_EDGE('',*,*,#101,.F.);
#101 = EDGE_CURVE('',#102,#94,#104,.T.);
#102 = VERTEX_POINT('',#103);
#103 = CARTESIAN_POINT('',(-15.50122880725,-110.8908330798,
    19.097285080265));
#104 = LINE('',#105,#106);
#105 = CARTESIAN_POINT('',(-15.50122880725,-110.8908330798,
    19.097285080265));
#106 = VECTOR('',#107,1.);
#107 = DIRECTION('',(0.,1.,0.));
#108 = ORIENTED_EDGE('',*,*,#109,.F.);
#109 = EDGE_CURVE('',#40,#102,#110,.T.);
#110 = LINE('',#111,#112);
#111 = CARTESIAN_POINT('',(-16.10122880725,-110.8908330798,
    8.022814560245));
#112 = VECTOR('',#113,1.);
#113 = DIRECTION('',(5.409932100871E-02,0.,0.99853555944));
#114 = PLANE('',#115);
#115 = AXIS2_PLACEMENT_3D('',#116,#117,#118);
#116 = CARTESIAN_POINT('',(-16.10122880725,-110.8908330798,
    8.022814560245));
#117 = DIRECTION('',(0.99853555944,0.,-5.409932100871E-02));
#118 = DIRECTION('',(5.409932100871E-02,0.,0.99853555944));
#119 = ADVANCED_FACE('',(#120),#683,.F.);
#120 = FACE_BOUND('',#121,.F.);
#121 = EDGE_LOOP('',(#122,#123,#124,#125,#133,#141,#149,#157,#165,#173,
    #181,#189,#197,#205,#213,#221,#229,#237,#245,#253,#261,#269,#277,
    #285,#293,#301,#309,#317,#325,#333,#341,#349,#357,#365,#373,#381,
    #389,#397,#405,#413,#421,#429,#437,#445,#453,#461,#469,#477,#485,
    #493,#501,#509,#517,#525,#533,#541,#549,#557,#565,#573,#581,#589,
    #597,#605,#613,#621,#629,#637,#645,#653,#661,#669,#677));
#122 = ORIENTED_EDGE('',*,*,#61,.T.);
#123 = ORIENTED_EDGE('',*,*,#47,.T.);
#124 = ORIENTED_EDGE('',*,*,#109,.T.);
#125 = ORIENTED_EDGE('',*,*,#126,.T.);
#126 = EDGE_CURVE('',#102,#127,#129,.T.);
#127 = VERTEX_POINT('',#128);
#128 = CARTESIAN_POINT('',(-14.90122880725,-110.8908330798,
    22.121348190617));
#129 = LINE('',#130,#131);
#130 = CARTESIAN_POINT('',(-15.50122880725,-110.8908330798,
    19.097285080265));
#131 = VECTOR('',#132,1.);
#132 = DIRECTION('',(0.194614930846,0.,0.980879721827));
#133 = ORIENTED_EDGE('',*,*,#134,.T.);
#134 = EDGE_CURVE('',#127,#135,#137,.T.);
#135 = VERTEX_POINT('',#136);
#136 = CARTESIAN_POINT('',(-14.30122880725,-110.8908330798,
    26.127787399601));
#137 = LINE('',#138,#139);
#138 = CARTESIAN_POINT('',(-14.90122880725,-110.8908330798,
    22.121348190617));
#139 = VECTOR('',#140,1.);
#140 = DIRECTION('',(0.148107271869,0.,0.988971301919));
#141 = ORIENTED_EDGE('',*,*,#142,.T.);
#142 = EDGE_CURVE('',#135,#143,#145,.T.);
#143 = VERTEX_POINT('',#144);
#144 = CARTESIAN_POINT('',(-13.70122880725,-110.8908330798,
    29.077235031437));
#145 = LINE('',#146,#147);
#146 = CARTESIAN_POINT('',(-14.30122880725,-110.8908330798,
    26.127787399601));
#147 = VECTOR('',#148,1.);
#148 = DIRECTION('',(0.199344994814,0.,0.979929371456));
#149 = ORIENTED_EDGE('',*,*,#150,.T.);
#150 = EDGE_CURVE('',#143,#151,#153,.T.);
#151 = VERTEX_POINT('',#152);
#152 = CARTESIAN_POINT('',(-13.10122880725,-110.8908330798,
    32.415751266788));
#153 = LINE('',#154,#155);
#154 = CARTESIAN_POINT('',(-13.70122880725,-110.8908330798,
    29.077235031437));
#155 = VECTOR('',#156,1.);
#156 = DIRECTION('',(0.176886587568,0.,0.984231240684));
#157 = ORIENTED_EDGE('',*,*,#158,.T.);
#158 = EDGE_CURVE('',#151,#159,#161,.T.);
#159 = VERTEX_POINT('',#160);
#160 = CARTESIAN_POINT('',(-12.50122880725,-110.8908330798,
    34.242808151554));
#161 = LINE('',#162,#163);
#162 = CARTESIAN_POINT('',(-13.10122880725,-110.8908330798,
    32.415751266788));
#163 = VECTOR('',#164,1.);
#164 = DIRECTION('',(0.312003711776,0.,0.950080882787));
#165 = ORIENTED_EDGE('',*,*,#166,.T.);
#166 = EDGE_CURVE('',#159,#167,#169,.T.);
#167 = VERTEX_POINT('',#168);
#168 = CARTESIAN_POINT('',(-11.90122880725,-110.8908330798,
    35.13202934296));
#169 = LINE('',#170,#171);
#170 = CARTESIAN_POINT('',(-12.50122880725,-110.8908330798,
    34.242808151554));
#171 = VECTOR('',#172,1.);
#172 = DIRECTION('',(0.559329197092,0.,0.828945625044));
#173 = ORIENTED_EDGE('',*,*,#174,.T.);
#174 = EDGE_CURVE('',#167,#175,#177,.T.);
#175 = VERTEX_POINT('',#176);
#176 = CARTESIAN_POINT('',(-11.30122880725,-110.8908330798,
    36.099329757999));
#177 = LINE('',#178,#179);
#178 = CARTESIAN_POINT('',(-11.90122880725,-110.8908330798,
    35.13202934296));
#179 = VECTOR('',#180,1.);
#180 = DIRECTION('',(0.527113371407,0.,0.849794971557));
#181 = ORIENTED_EDGE('',*,*,#182,.T.);
#182 = EDGE_CURVE('',#175,#183,#185,.T.);
#183 = VERTEX_POINT('',#184);
#184 = CARTESIAN_POINT('',(-10.70122880725,-110.8908330798,
    36.756129074406));
#185 = LINE('',#186,#187);
#186 = CARTESIAN_POINT('',(-11.30122880725,-110.8908330798,
    36.099329757999));
#187 = VECTOR('',#188,1.);
#188 = DIRECTION('',(0.674461632464,0.,0.738309898575));
#189 = ORIENTED_EDGE('',*,*,#190,.T.);
#190 = EDGE_CURVE('',#183,#191,#193,.T.);
#191 = VERTEX_POINT('',#192);
#192 = CARTESIAN_POINT('',(-10.10122880725,-110.8908330798,
    37.948160934757));
#193 = LINE('',#194,#195);
#194 = CARTESIAN_POINT('',(-10.70122880725,-110.8908330798,
    36.756129074406));
#195 = VECTOR('',#196,1.);
#196 = DIRECTION('',(0.449600319919,0.,0.893229842946));
#197 = ORIENTED_EDGE('',*,*,#198,.T.);
#198 = EDGE_CURVE('',#191,#199,#201,.T.);
#199 = VERTEX_POINT('',#200);
#200 = CARTESIAN_POINT('',(-9.50122880725,-110.8908330798,
    39.639414596867));
#201 = LINE('',#202,#203);
#202 = CARTESIAN_POINT('',(-10.10122880725,-110.8908330798,
    37.948160934757));
#203 = VECTOR('',#204,1.);
#204 = DIRECTION('',(0.334349330559,0.,0.94244921622));
#205 = ORIENTED_EDGE('',*,*,#206,.T.);
#206 = EDGE_CURVE('',#199,#207,#209,.T.);
#207 = VERTEX_POINT('',#208);
#208 = CARTESIAN_POINT('',(-8.90122880725,-110.8908330798,
    41.215327072452));
#209 = LINE('',#210,#211);
#210 = CARTESIAN_POINT('',(-9.50122880725,-110.8908330798,
    39.639414596867));
#211 = VECTOR('',#212,1.);
#212 = DIRECTION('',(0.355815304397,0.,0.934556295339));
#213 = ORIENTED_EDGE('',*,*,#214,.T.);
#214 = EDGE_CURVE('',#207,#215,#217,.T.);
#215 = VERTEX_POINT('',#216);
#216 = CARTESIAN_POINT('',(-8.30122880725,-110.8908330798,
    43.002695846867));
#217 = LINE('',#218,#219);
#218 = CARTESIAN_POINT('',(-8.90122880725,-110.8908330798,
    41.215327072452));
#219 = VECTOR('',#220,1.);
#220 = DIRECTION('',(0.318236917488,0.,0.948011215307));
#221 = ORIENTED_EDGE('',*,*,#222,.T.);
#222 = EDGE_CURVE('',#215,#223,#225,.T.);
#223 = VERTEX_POINT('',#224);
#224 = CARTESIAN_POINT('',(-7.70122880725,-110.8908330798,
    43.784693527531));
#225 = LINE('',#226,#227);
#226 = CARTESIAN_POINT('',(-8.30122880725,-110.8908330798,
    43.002695846867));
#227 = VECTOR('',#228,1.);
#228 = DIRECTION('',(0.608730825227,0.,0.793376822461));
#229 = ORIENTED_EDGE('',*,*,#230,.T.);
#230 = EDGE_CURVE('',#223,#231,#233,.T.);
#231 = VERTEX_POINT('',#232);
#232 = CARTESIAN_POINT('',(-7.10122880725,-110.8908330798,
    44.204188156437));
#233 = LINE('',#234,#235);
#234 = CARTESIAN_POINT('',(-7.70122880725,-110.8908330798,
    43.784693527531));
#235 = VECTOR('',#236,1.);
#236 = DIRECTION('',(0.819556091501,0.,0.57299896412));
#237 = ORIENTED_EDGE('',*,*,#238,.T.);
#238 = EDGE_CURVE('',#231,#239,#241,.T.);
#239 = VERTEX_POINT('',#240);
#240 = CARTESIAN_POINT('',(-6.50122880725,-110.8908330798,
    44.251200485538));
#241 = LINE('',#242,#243);
#242 = CARTESIAN_POINT('',(-7.10122880725,-110.8908330798,
    44.204188156437));
#243 = VECTOR('',#244,1.);
#244 = DIRECTION('',(0.996944396943,0.,7.811446347507E-02));
#245 = ORIENTED_EDGE('',*,*,#246,.T.);
#246 = EDGE_CURVE('',#239,#247,#249,.T.);
#247 = VERTEX_POINT('',#248);
#248 = CARTESIAN_POINT('',(-5.90122880725,-110.8908330798,
    44.179957199406));
#249 = LINE('',#250,#251);
#250 = CARTESIAN_POINT('',(-6.50122880725,-110.8908330798,
    44.251200485538));
#251 = VECTOR('',#252,1.);
#252 = DIRECTION('',(0.993024224512,0.,-0.117910514939));
#253 = ORIENTED_EDGE('',*,*,#254,.T.);
#254 = EDGE_CURVE('',#247,#255,#257,.T.);
#255 = VERTEX_POINT('',#256);
#256 = CARTESIAN_POINT('',(-5.30122880725,-110.8908330798,
    44.257319259952));
#257 = LINE('',#258,#259);
#258 = CARTESIAN_POINT('',(-5.90122880725,-110.8908330798,
    44.179957199406));
#259 = VECTOR('',#260,1.);
#260 = DIRECTION('',(0.991789882326,0.,0.127878181544));
#261 = ORIENTED_EDGE('',*,*,#262,.T.);
#262 = EDGE_CURVE('',#255,#263,#265,.T.);
#263 = VERTEX_POINT('',#264);
#264 = CARTESIAN_POINT('',(-4.70122880725,-110.8908330798,
    44.137202072452));
#265 = LINE('',#266,#267);
#266 = CARTESIAN_POINT('',(-5.30122880725,-110.8908330798,
    44.257319259952));
#267 = VECTOR('',#268,1.);
#268 = DIRECTION('',(0.98054382908,0.,-0.196300278283));
#269 = ORIENTED_EDGE('',*,*,#270,.T.);
#270 = EDGE_CURVE('',#263,#271,#273,.T.);
#271 = VERTEX_POINT('',#272);
#272 = CARTESIAN_POINT('',(-4.10122880725,-110.8908330798,
    44.240931320499));
#273 = LINE('',#274,#275);
#274 = CARTESIAN_POINT('',(-4.70122880725,-110.8908330798,
    44.137202072452));
#275 = VECTOR('',#276,1.);
#276 = DIRECTION('',(0.985382751644,0.,0.170355019777));
#277 = ORIENTED_EDGE('',*,*,#278,.T.);
#278 = EDGE_CURVE('',#271,#279,#281,.T.);
#279 = VERTEX_POINT('',#280);
#280 = CARTESIAN_POINT('',(-3.50122880725,-110.8908330798,
    44.278132248234));
#281 = LINE('',#282,#283);
#282 = CARTESIAN_POINT('',(-4.10122880725,-110.8908330798,
    44.240931320499));
#283 = VECTOR('',#284,1.);
#284 = DIRECTION('',(0.998083428118,0.,6.188271580385E-02));
#285 = ORIENTED_EDGE('',*,*,#286,.T.);
#286 = EDGE_CURVE('',#279,#287,#289,.T.);
#287 = VERTEX_POINT('',#288);
#288 = CARTESIAN_POINT('',(-2.90122880725,-110.8908330798,
    44.079417038273));
#289 = LINE('',#290,#291);
#290 = CARTESIAN_POINT('',(-3.50122880725,-110.8908330798,
    44.278132248234));
#291 = VECTOR('',#292,1.);
#292 = DIRECTION('',(0.949291354103,0.,-0.314397717908));
#293 = ORIENTED_EDGE('',*,*,#294,.T.);
#294 = EDGE_CURVE('',#287,#295,#297,.T.);
#295 = VERTEX_POINT('',#296);
#296 = CARTESIAN_POINT('',(-2.30122880725,-110.8908330798,
    43.854975509952));
#297 = LINE('',#298,#299);
#298 = CARTESIAN_POINT('',(-2.90122880725,-110.8908330798,
    44.079417038273));
#299 = VECTOR('',#300,1.);
#300 = DIRECTION('',(0.936615481087,0.,-0.350359016706));
#301 = ORIENTED_EDGE('',*,*,#302,.T.);
#302 = EDGE_CURVE('',#295,#303,#305,.T.);
#303 = VERTEX_POINT('',#304);
#304 = CARTESIAN_POINT('',(-1.70122880725,-110.8908330798,
    43.837916183781));
#305 = LINE('',#306,#307);
#306 = CARTESIAN_POINT('',(-2.30122880725,-110.8908330798,
    43.854975509952));
#307 = VECTOR('',#308,1.);
#308 = DIRECTION('',(0.999596049605,0.,-2.842072508388E-02));
#309 = ORIENTED_EDGE('',*,*,#310,.T.);
#310 = EDGE_CURVE('',#303,#311,#313,.T.);
#311 = VERTEX_POINT('',#312);
#312 = CARTESIAN_POINT('',(-1.10122880725,-110.8908330798,
    43.829798507999));
#313 = LINE('',#314,#315);
#314 = CARTESIAN_POINT('',(-1.70122880725,-110.8908330798,
    43.837916183781));
#315 = VECTOR('',#316,1.);
#316 = DIRECTION('',(0.999908489424,0.,-1.352822154677E-02));
#317 = ORIENTED_EDGE('',*,*,#318,.T.);
#318 = EDGE_CURVE('',#311,#319,#321,.T.);
#319 = VERTEX_POINT('',#320);
#320 = CARTESIAN_POINT('',(-0.50122880725,-110.8908330798,
    43.631617355656));
#321 = LINE('',#322,#323);
#322 = CARTESIAN_POINT('',(-1.10122880725,-110.8908330798,
    43.829798507999));
#323 = VECTOR('',#324,1.);
#324 = DIRECTION('',(0.949543298195,0.,-0.313635975061));
#325 = ORIENTED_EDGE('',*,*,#326,.T.);
#326 = EDGE_CURVE('',#319,#327,#329,.T.);
#327 = VERTEX_POINT('',#328);
#328 = CARTESIAN_POINT('',(9.877119275041E-02,-110.8908330798,
    43.819773483585));
#329 = LINE('',#330,#331);
#330 = CARTESIAN_POINT('',(-0.50122880725,-110.8908330798,
    43.631617355656));
#331 = VECTOR('',#332,1.);
#332 = DIRECTION('',(0.954182439059,0.,0.29922545512));
#333 = ORIENTED_EDGE('',*,*,#334,.T.);
#334 = EDGE_CURVE('',#327,#335,#337,.T.);
#335 = VERTEX_POINT('',#336);
#336 = CARTESIAN_POINT('',(0.69877119275,-110.8908330798,44.009867477726
    ));
#337 = LINE('',#338,#339);
#338 = CARTESIAN_POINT('',(9.877119275041E-02,-110.8908330798,
    43.819773483585));
#339 = VECTOR('',#340,1.);
#340 = DIRECTION('',(0.953299234464,0.,0.302027431817));
#341 = ORIENTED_EDGE('',*,*,#342,.T.);
#342 = EDGE_CURVE('',#335,#343,#345,.T.);
#343 = VERTEX_POINT('',#344);
#344 = CARTESIAN_POINT('',(1.29877119275,-110.8908330798,44.284189987492
    ));
#345 = LINE('',#346,#347);
#346 = CARTESIAN_POINT('',(0.69877119275,-110.8908330798,44.009867477726
    ));
#347 = VECTOR('',#348,1.);
#348 = DIRECTION('',(0.909453385384,0.,0.415805891989));
#349 = ORIENTED_EDGE('',*,*,#350,.T.);
#350 = EDGE_CURVE('',#343,#351,#353,.T.);
#351 = VERTEX_POINT('',#352);
#352 = CARTESIAN_POINT('',(1.89877119275,-110.8908330798,44.186121750187
    ));
#353 = LINE('',#354,#355);
#354 = CARTESIAN_POINT('',(1.29877119275,-110.8908330798,44.284189987492
    ));
#355 = VECTOR('',#356,1.);
#356 = DIRECTION('',(0.986904339822,0.,-0.161306614991));
#357 = ORIENTED_EDGE('',*,*,#358,.T.);
#358 = EDGE_CURVE('',#351,#359,#361,.T.);
#359 = VERTEX_POINT('',#360);
#360 = CARTESIAN_POINT('',(2.49877119275,-110.8908330798,44.196696091007
    ));
#361 = LINE('',#362,#363);
#362 = CARTESIAN_POINT('',(1.89877119275,-110.8908330798,44.186121750187
    ));
#363 = VECTOR('',#364,1.);
#364 = DIRECTION('',(0.999844735219,0.,1.762116499599E-02));
#365 = ORIENTED_EDGE('',*,*,#366,.T.);
#366 = EDGE_CURVE('',#359,#367,#369,.T.);
#367 = VERTEX_POINT('',#368);
#368 = CARTESIAN_POINT('',(3.09877119275,-110.8908330798,44.27216606171)
  );
#369 = LINE('',#370,#371);
#370 = CARTESIAN_POINT('',(2.49877119275,-110.8908330798,44.196696091007
    ));
#371 = VECTOR('',#372,1.);
#372 = DIRECTION('',(0.992181931115,0.,0.124799902122));
#373 = ORIENTED_EDGE('',*,*,#374,.T.);
#374 = EDGE_CURVE('',#367,#375,#377,.T.);
#375 = VERTEX_POINT('',#376);
#376 = CARTESIAN_POINT('',(3.69877119275,-110.8908330798,44.303767013859
    ));
#377 = LINE('',#378,#379);
#378 = CARTESIAN_POINT('',(3.09877119275,-110.8908330798,44.27216606171)
  );
#379 = VECTOR('',#380,1.);
#380 = DIRECTION('',(0.998615906417,0.,5.259535578893E-02));
#381 = ORIENTED_EDGE('',*,*,#382,.T.);
#382 = EDGE_CURVE('',#375,#383,#385,.T.);
#383 = VERTEX_POINT('',#384);
#384 = CARTESIAN_POINT('',(4.29877119275,-110.8908330798,44.233073044132
    ));
#385 = LINE('',#386,#387);
#386 = CARTESIAN_POINT('',(3.69877119275,-110.8908330798,44.303767013859
    ));
#387 = VECTOR('',#388,1.);
#388 = DIRECTION('',(0.993130280593,0.,-0.117013869985));
#389 = ORIENTED_EDGE('',*,*,#390,.T.);
#390 = EDGE_CURVE('',#383,#391,#393,.T.);
#391 = VERTEX_POINT('',#392);
#392 = CARTESIAN_POINT('',(4.89877119275,-110.8908330798,44.315272140812
    ));
#393 = LINE('',#394,#395);
#394 = CARTESIAN_POINT('',(4.29877119275,-110.8908330798,44.233073044132
    ));
#395 = VECTOR('',#396,1.);
#396 = DIRECTION('',(0.990745771008,0.,0.135730679027));
#397 = ORIENTED_EDGE('',*,*,#398,.T.);
#398 = EDGE_CURVE('',#391,#399,#401,.T.);
#399 = VERTEX_POINT('',#400);
#400 = CARTESIAN_POINT('',(5.49877119275,-110.8908330798,44.07148246796)
  );
#401 = LINE('',#402,#403);
#402 = CARTESIAN_POINT('',(4.89877119275,-110.8908330798,44.315272140812
    ));
#403 = VECTOR('',#404,1.);
#404 = DIRECTION('',(0.926445214964,0.,-0.376429626452));
#405 = ORIENTED_EDGE('',*,*,#406,.T.);
#406 = EDGE_CURVE('',#399,#407,#409,.T.);
#407 = VERTEX_POINT('',#408);
#408 = CARTESIAN_POINT('',(6.09877119275,-110.8908330798,42.991663742374
    ));
#409 = LINE('',#410,#411);
#410 = CARTESIAN_POINT('',(5.49877119275,-110.8908330798,44.07148246796)
  );
#411 = VECTOR('',#412,1.);
#412 = DIRECTION('',(0.485705226594,0.,-0.874122664652));
#413 = ORIENTED_EDGE('',*,*,#414,.T.);
#414 = EDGE_CURVE('',#407,#415,#417,.T.);
#415 = VERTEX_POINT('',#416);
#416 = CARTESIAN_POINT('',(6.69877119275,-110.8908330798,41.393839645695
    ));
#417 = LINE('',#418,#419);
#418 = CARTESIAN_POINT('',(6.09877119275,-110.8908330798,42.991663742374
    ));
#419 = VECTOR('',#420,1.);
#420 = DIRECTION('',(0.351542542072,0.,-0.936171907885));
#421 = ORIENTED_EDGE('',*,*,#422,.T.);
#422 = EDGE_CURVE('',#415,#423,#425,.T.);
#423 = VERTEX_POINT('',#424);
#424 = CARTESIAN_POINT('',(7.29877119275,-110.8908330798,40.09899406464)
  );
#425 = LINE('',#426,#427);
#426 = CARTESIAN_POINT('',(6.69877119275,-110.8908330798,41.393839645695
    ));
#427 = VECTOR('',#428,1.);
#428 = DIRECTION('',(0.420431944825,0.,-0.907324076486));
#429 = ORIENTED_EDGE('',*,*,#430,.T.);
#430 = EDGE_CURVE('',#423,#431,#433,.T.);
#431 = VERTEX_POINT('',#432);
#432 = CARTESIAN_POINT('',(7.89877119275,-110.8908330798,38.166514206242
    ));
#433 = LINE('',#434,#435);
#434 = CARTESIAN_POINT('',(7.29877119275,-110.8908330798,40.09899406464)
  );
#435 = VECTOR('',#436,1.);
#436 = DIRECTION('',(0.296518611659,0.,-0.955027074454));
#437 = ORIENTED_EDGE('',*,*,#438,.T.);
#438 = EDGE_CURVE('',#431,#439,#441,.T.);
#439 = VERTEX_POINT('',#440);
#440 = CARTESIAN_POINT('',(8.49877119275,-110.8908330798,37.093958664249
    ));
#441 = LINE('',#442,#443);
#442 = CARTESIAN_POINT('',(7.89877119275,-110.8908330798,38.166514206242
    ));
#443 = VECTOR('',#444,1.);
#444 = DIRECTION('',(0.48821239348,0.,-0.872724847161));
#445 = ORIENTED_EDGE('',*,*,#446,.T.);
#446 = EDGE_CURVE('',#439,#447,#449,.T.);
#447 = VERTEX_POINT('',#448);
#448 = CARTESIAN_POINT('',(9.09877119275,-110.8908330798,36.155863571476
    ));
#449 = LINE('',#450,#451);
#450 = CARTESIAN_POINT('',(8.49877119275,-110.8908330798,37.093958664249
    ));
#451 = VECTOR('',#452,1.);
#452 = DIRECTION('',(0.538811038752,0.,-0.842426652308));
#453 = ORIENTED_EDGE('',*,*,#454,.T.);
#454 = EDGE_CURVE('',#447,#455,#457,.T.);
#455 = VERTEX_POINT('',#456);
#456 = CARTESIAN_POINT('',(9.69877119275,-110.8908330798,35.297617721867
    ));
#457 = LINE('',#458,#459);
#458 = CARTESIAN_POINT('',(9.09877119275,-110.8908330798,36.155863571476
    ));
#459 = VECTOR('',#460,1.);
#460 = DIRECTION('',(0.57296740182,0.,-0.819578157622));
#461 = ORIENTED_EDGE('',*,*,#462,.T.);
#462 = EDGE_CURVE('',#455,#463,#465,.T.);
#463 = VERTEX_POINT('',#464);
#464 = CARTESIAN_POINT('',(10.29877119275,-110.8908330798,
    34.485453415226));
#465 = LINE('',#466,#467);
#466 = CARTESIAN_POINT('',(9.69877119275,-110.8908330798,35.297617721867
    ));
#467 = VECTOR('',#468,1.);
#468 = DIRECTION('',(0.594201883235,0.,-0.80431593417));
#469 = ORIENTED_EDGE('',*,*,#470,.T.);
#470 = EDGE_CURVE('',#463,#471,#473,.T.);
#471 = VERTEX_POINT('',#472);
#472 = CARTESIAN_POINT('',(10.89877119275,-110.8908330798,
    33.490382004093));
#473 = LINE('',#474,#475);
#474 = CARTESIAN_POINT('',(10.29877119275,-110.8908330798,
    34.485453415226));
#475 = VECTOR('',#476,1.);
#476 = DIRECTION('',(0.516365820642,0.,-0.856368109678));
#477 = ORIENTED_EDGE('',*,*,#478,.T.);
#478 = EDGE_CURVE('',#471,#479,#481,.T.);
#479 = VERTEX_POINT('',#480);
#480 = CARTESIAN_POINT('',(11.49877119275,-110.8908330798,
    30.519968796085));
#481 = LINE('',#482,#483);
#482 = CARTESIAN_POINT('',(10.89877119275,-110.8908330798,
    33.490382004093));
#483 = VECTOR('',#484,1.);
#484 = DIRECTION('',(0.197993335775,0.,-0.980203366138));
#485 = ORIENTED_EDGE('',*,*,#486,.T.);
#486 = EDGE_CURVE('',#479,#487,#489,.T.);
#487 = VERTEX_POINT('',#488);
#488 = CARTESIAN_POINT('',(12.09877119275,-110.8908330798,
    27.121577072452));
#489 = LINE('',#490,#491);
#490 = CARTESIAN_POINT('',(11.49877119275,-110.8908330798,
    30.519968796085));
#491 = VECTOR('',#492,1.);
#492 = DIRECTION('',(0.173865091611,0.,-0.984769480599));
#493 = ORIENTED_EDGE('',*,*,#494,.T.);
#494 = EDGE_CURVE('',#487,#495,#497,.T.);
#495 = VERTEX_POINT('',#496);
#496 = CARTESIAN_POINT('',(12.69877119275,-110.8908330798,
    23.841547775577));
#497 = LINE('',#498,#499);
#498 = CARTESIAN_POINT('',(12.09877119275,-110.8908330798,
    27.121577072452));
#499 = VECTOR('',#500,1.);
#500 = DIRECTION('',(0.179939433857,0.,-0.983677691189));
#501 = ORIENTED_EDGE('',*,*,#502,.T.);
#502 = EDGE_CURVE('',#495,#503,#505,.T.);
#503 = VERTEX_POINT('',#504);
#504 = CARTESIAN_POINT('',(13.29877119275,-110.8908330798,
    20.925715256046));
#505 = LINE('',#506,#507);
#506 = CARTESIAN_POINT('',(12.69877119275,-110.8908330798,
    23.841547775577));
#507 = VECTOR('',#508,1.);
#508 = DIRECTION('',(0.201550293486,0.,-0.979478166778));
#509 = ORIENTED_EDGE('',*,*,#510,.T.);
#510 = EDGE_CURVE('',#503,#511,#513,.T.);
#511 = VERTEX_POINT('',#512);
#512 = CARTESIAN_POINT('',(13.89877119275,-110.8908330798,
    18.649866867374));
#513 = LINE('',#514,#515);
#514 = CARTESIAN_POINT('',(13.29877119275,-110.8908330798,
    20.925715256046));
#515 = VECTOR('',#516,1.);
#516 = DIRECTION('',(0.254927402098,0.,-0.966960195489));
#517 = ORIENTED_EDGE('',*,*,#518,.T.);
#518 = EDGE_CURVE('',#511,#519,#521,.T.);
#519 = VERTEX_POINT('',#520);
#520 = CARTESIAN_POINT('',(14.49877119275,-110.8908330798,18.57441215546
    ));
#521 = LINE('',#522,#523);
#522 = CARTESIAN_POINT('',(13.89877119275,-110.8908330798,
    18.649866867374));
#523 = VECTOR('',#524,1.);
#524 = DIRECTION('',(0.992185055207,0.,-0.12477506251));
#525 = ORIENTED_EDGE('',*,*,#526,.T.);
#526 = EDGE_CURVE('',#519,#527,#529,.T.);
#527 = VERTEX_POINT('',#528);
#528 = CARTESIAN_POINT('',(15.09877119275,-110.8908330798,
    18.366144943546));
#529 = LINE('',#530,#531);
#530 = CARTESIAN_POINT('',(14.49877119275,-110.8908330798,18.57441215546
    ));
#531 = VECTOR('',#532,1.);
#532 = DIRECTION('',(0.944705919244,0.,-0.327918779799));
#533 = ORIENTED_EDGE('',*,*,#534,.T.);
#534 = EDGE_CURVE('',#527,#535,#537,.T.);
#535 = VERTEX_POINT('',#536);
#536 = CARTESIAN_POINT('',(15.69877119275,-110.8908330798,
    18.528864670109));
#537 = LINE('',#538,#539);
#538 = CARTESIAN_POINT('',(15.09877119275,-110.8908330798,
    18.366144943546));
#539 = VECTOR('',#540,1.);
#540 = DIRECTION('',(0.965137133011,0.,0.261744750631));
#541 = ORIENTED_EDGE('',*,*,#542,.T.);
#542 = EDGE_CURVE('',#535,#543,#545,.T.);
#543 = VERTEX_POINT('',#544);
#544 = CARTESIAN_POINT('',(16.29877119275,-110.8908330798,
    18.394556808781));
#545 = LINE('',#546,#547);
#546 = CARTESIAN_POINT('',(15.69877119275,-110.8908330798,
    18.528864670109));
#547 = VECTOR('',#548,1.);
#548 = DIRECTION('',(0.975850246978,0.,-0.218440599414));
#549 = ORIENTED_EDGE('',*,*,#550,.T.);
#550 = EDGE_CURVE('',#543,#551,#553,.T.);
#551 = VERTEX_POINT('',#552);
#552 = CARTESIAN_POINT('',(16.89877119275,-110.8908330798,
    18.468363571476));
#553 = LINE('',#554,#555);
#554 = CARTESIAN_POINT('',(16.29877119275,-110.8908330798,
    18.394556808781));
#555 = VECTOR('',#556,1.);
#556 = DIRECTION('',(0.992518908955,0.,0.12209101264));
#557 = ORIENTED_EDGE('',*,*,#558,.T.);
#558 = EDGE_CURVE('',#551,#559,#561,.T.);
#559 = VERTEX_POINT('',#560);
#560 = CARTESIAN_POINT('',(17.49877119275,-110.8908330798,
    18.345621872257));
#561 = LINE('',#562,#563);
#562 = CARTESIAN_POINT('',(16.89877119275,-110.8908330798,
    18.468363571476));
#563 = VECTOR('',#564,1.);
#564 = DIRECTION('',(0.979710307185,0.,-0.20041884641));
#565 = ORIENTED_EDGE('',*,*,#566,.T.);
#566 = EDGE_CURVE('',#559,#567,#569,.T.);
#567 = VERTEX_POINT('',#568);
#568 = CARTESIAN_POINT('',(18.09877119275,-110.8908330798,
    17.894938278507));
#569 = LINE('',#570,#571);
#570 = CARTESIAN_POINT('',(17.49877119275,-110.8908330798,
    18.345621872257));
#571 = VECTOR('',#572,1.);
#572 = DIRECTION('',(0.799562526802,0.,-0.600582855012));
#573 = ORIENTED_EDGE('',*,*,#574,.T.);
#574 = EDGE_CURVE('',#567,#575,#577,.T.);
#575 = VERTEX_POINT('',#576);
#576 = CARTESIAN_POINT('',(18.69877119275,-110.8908330798,
    18.168635177921));
#577 = LINE('',#578,#579);
#578 = CARTESIAN_POINT('',(18.09877119275,-110.8908330798,
    17.894938278507));
#579 = VECTOR('',#580,1.);
#580 = DIRECTION('',(0.909811783207,0.,0.415021106857));
#581 = ORIENTED_EDGE('',*,*,#582,.T.);
#582 = EDGE_CURVE('',#575,#583,#585,.T.);
#583 = VERTEX_POINT('',#584);
#584 = CARTESIAN_POINT('',(19.29877119275,-110.8908330798,
    17.736628341984));
#585 = LINE('',#586,#587);
#586 = CARTESIAN_POINT('',(18.69877119275,-110.8908330798,
    18.168635177921));
#587 = VECTOR('',#588,1.);
#588 = DIRECTION('',(0.811529957155,0.,-0.584310815098));
#589 = ORIENTED_EDGE('',*,*,#590,.T.);
#590 = EDGE_CURVE('',#583,#591,#593,.T.);
#591 = VERTEX_POINT('',#592);
#592 = CARTESIAN_POINT('',(19.89877119275,-110.8908330798,
    17.379130173038));
#593 = LINE('',#594,#595);
#594 = CARTESIAN_POINT('',(19.29877119275,-110.8908330798,
    17.736628341984));
#595 = VECTOR('',#596,1.);
#596 = DIRECTION('',(0.859069208542,0.,-0.511859448418));
#597 = ORIENTED_EDGE('',*,*,#598,.T.);
#598 = EDGE_CURVE('',#591,#599,#601,.T.);
#599 = VERTEX_POINT('',#600);
#600 = CARTESIAN_POINT('',(20.49877119275,-110.8908330798,
    16.249735641788));
#601 = LINE('',#602,#603);
#602 = CARTESIAN_POINT('',(19.89877119275,-110.8908330798,
    17.379130173038));
#603 = VECTOR('',#604,1.);
#604 = DIRECTION('',(0.469160809073,0.,-0.883112753407));
#605 = ORIENTED_EDGE('',*,*,#606,.T.);
#606 = EDGE_CURVE('',#599,#607,#609,.T.);
#607 = VERTEX_POINT('',#608);
#608 = CARTESIAN_POINT('',(20.49877119275,-110.8908330798,
    11.842005539249));
#609 = LINE('',#610,#611);
#610 = CARTESIAN_POINT('',(20.49877119275,-110.8908330798,
    16.249735641788));
#611 = VECTOR('',#612,1.);
#612 = DIRECTION('',(0.,0.,-1.));
#613 = ORIENTED_EDGE('',*,*,#614,.T.);
#614 = EDGE_CURVE('',#607,#615,#617,.T.);
#615 = VERTEX_POINT('',#616);
#616 = CARTESIAN_POINT('',(19.89877119275,-110.8908330798,
    10.722773361515));
#617 = LINE('',#618,#619);
#618 = CARTESIAN_POINT('',(20.49877119275,-110.8908330798,
    11.842005539249));
#619 = VECTOR('',#620,1.);
#620 = DIRECTION('',(-0.47247307091,0.,-0.881345106792));
#621 = ORIENTED_EDGE('',*,*,#622,.T.);
#622 = EDGE_CURVE('',#615,#623,#625,.T.);
#623 = VERTEX_POINT('',#624);
#624 = CARTESIAN_POINT('',(19.29877119275,-110.8908330798,
    10.263247299503));
#625 = LINE('',#626,#627);
#626 = CARTESIAN_POINT('',(19.89877119275,-110.8908330798,
    10.722773361515));
#627 = VECTOR('',#628,1.);
#628 = DIRECTION('',(-0.793909064421,0.,-0.608036509948));
#629 = ORIENTED_EDGE('',*,*,#630,.T.);
#630 = EDGE_CURVE('',#623,#631,#633,.T.);
#631 = VERTEX_POINT('',#632);
#632 = CARTESIAN_POINT('',(18.69877119275,-110.8908330798,9.905535507511
    ));
#633 = LINE('',#634,#635);
#634 = CARTESIAN_POINT('',(19.29877119275,-110.8908330798,
    10.263247299503));
#635 = VECTOR('',#636,1.);
#636 = DIRECTION('',(-0.858934705651,0.,-0.512085121271));
#637 = ORIENTED_EDGE('',*,*,#638,.T.);
#638 = EDGE_CURVE('',#631,#639,#641,.T.);
#639 = VERTEX_POINT('',#640);
#640 = CARTESIAN_POINT('',(18.09877119275,-110.8908330798,9.53169517548)
  );
#641 = LINE('',#642,#643);
#642 = CARTESIAN_POINT('',(18.69877119275,-110.8908330798,9.905535507511
    ));
#643 = VECTOR('',#644,1.);
#644 = DIRECTION('',(-0.848734749827,0.,-0.528818801137));
#645 = ORIENTED_EDGE('',*,*,#646,.T.);
#646 = EDGE_CURVE('',#639,#647,#649,.T.);
#647 = VERTEX_POINT('',#648);
#648 = CARTESIAN_POINT('',(17.49877119275,-110.8908330798,8.968066025089
    ));
#649 = LINE('',#650,#651);
#650 = CARTESIAN_POINT('',(18.09877119275,-110.8908330798,9.53169517548)
  );
#651 = VECTOR('',#652,1.);
#652 = DIRECTION('',(-0.72885244469,0.,-0.684670806935));
#653 = ORIENTED_EDGE('',*,*,#654,.T.);
#654 = EDGE_CURVE('',#647,#655,#657,.T.);
#655 = VERTEX_POINT('',#656);
#656 = CARTESIAN_POINT('',(16.89877119275,-110.8908330798,1.670832443546
    ));
#657 = LINE('',#658,#659);
#658 = CARTESIAN_POINT('',(17.49877119275,-110.8908330798,8.968066025089
    ));
#659 = VECTOR('',#660,1.);
#660 = DIRECTION('',(-8.194640283563E-02,0.,-0.996636737765));
#661 = ORIENTED_EDGE('',*,*,#662,.T.);
#662 = EDGE_CURVE('',#655,#663,#665,.T.);
#663 = VERTEX_POINT('',#664);
#664 = CARTESIAN_POINT('',(16.29877119275,-110.8908330798,0.985255050968
    ));
#665 = LINE('',#666,#667);
#666 = CARTESIAN_POINT('',(16.89877119275,-110.8908330798,1.670832443546
    ));
#667 = VECTOR('',#668,1.);
#668 = DIRECTION('',(-0.658579068914,0.,-0.752511534788));
#669 = ORIENTED_EDGE('',*,*,#670,.T.);
#670 = EDGE_CURVE('',#663,#671,#673,.T.);
#671 = VERTEX_POINT('',#672);
#672 = CARTESIAN_POINT('',(15.940897545896,-110.8908330798,
    -37.98472785918));
#673 = LINE('',#674,#675);
#674 = CARTESIAN_POINT('',(16.29877119275,-110.8908330798,0.985255050968
    ));
#675 = VECTOR('',#676,1.);
#676 = DIRECTION('',(-9.182928263126E-03,0.,-0.999957836025));
#677 = ORIENTED_EDGE('',*,*,#678,.F.);
#678 = EDGE_CURVE('',#62,#671,#679,.T.);
#679 = LINE('',#680,#681);
#680 = CARTESIAN_POINT('',(-33.29744684635,-110.8908330798,
    -37.98472785918));
#681 = VECTOR('',#682,1.);
#682 = DIRECTION('',(1.,0.,0.));
#683 = PLANE('',#684);
#684 = AXIS2_PLACEMENT_3D('',#685,#686,#687);
#685 = CARTESIAN_POINT('',(0.106335114538,-110.8908330798,
    -29.72375156081));
#686 = DIRECTION('',(0.,1.,0.));
#687 = DIRECTION('',(0.,-0.,1.));
#688 = ADVANCED_FACE('',(#689),#1252,.T.);
#689 = FACE_BOUND('',#690,.T.);
#690 = EDGE_LOOP('',(#691,#692,#693,#694,#702,#710,#718,#726,#734,#742,
    #750,#758,#766,#774,#782,#790,#798,#806,#814,#822,#830,#838,#846,
    #854,#862,#870,#878,#886,#894,#902,#910,#918,#926,#934,#942,#950,
    #958,#966,#974,#982,#990,#998,#1006,#1014,#1022,#1030,#1038,#1046,
    #1054,#1062,#1070,#1078,#1086,#1094,#1102,#1110,#1118,#1126,#1134,
    #1142,#1150,#1158,#1166,#1174,#1182,#1190,#1198,#1206,#1214,#1222,
    #1230,#1238,#1246));
#691 = ORIENTED_EDGE('',*,*,#77,.T.);
#692 = ORIENTED_EDGE('',*,*,#31,.T.);
#693 = ORIENTED_EDGE('',*,*,#93,.T.);
#694 = ORIENTED_EDGE('',*,*,#695,.T.);
#695 = EDGE_CURVE('',#94,#696,#698,.T.);
#696 = VERTEX_POINT('',#697);
#697 = CARTESIAN_POINT('',(-14.90122880725,110.89083307981,
    22.121348190617));
#698 = LINE('',#699,#700);
#699 = CARTESIAN_POINT('',(-15.50122880725,110.89083307981,
    19.097285080265));
#700 = VECTOR('',#701,1.);
#701 = DIRECTION('',(0.194614930846,0.,0.980879721827));
#702 = ORIENTED_EDGE('',*,*,#703,.T.);
#703 = EDGE_CURVE('',#696,#704,#706,.T.);
#704 = VERTEX_POINT('',#705);
#705 = CARTESIAN_POINT('',(-14.30122880725,110.89083307981,
    26.127787399601));
#706 = LINE('',#707,#708);
#707 = CARTESIAN_POINT('',(-14.90122880725,110.89083307981,
    22.121348190617));
#708 = VECTOR('',#709,1.);
#709 = DIRECTION('',(0.148107271869,0.,0.988971301919));
#710 = ORIENTED_EDGE('',*,*,#711,.T.);
#711 = EDGE_CURVE('',#704,#712,#714,.T.);
#712 = VERTEX_POINT('',#713);
#713 = CARTESIAN_POINT('',(-13.70122880725,110.89083307981,
    29.077235031437));
#714 = LINE('',#715,#716);
#715 = CARTESIAN_POINT('',(-14.30122880725,110.89083307981,
    26.127787399601));
#716 = VECTOR('',#717,1.);
#717 = DIRECTION('',(0.199344994814,0.,0.979929371456));
#718 = ORIENTED_EDGE('',*,*,#719,.T.);
#719 = EDGE_CURVE('',#712,#720,#722,.T.);
#720 = VERTEX_POINT('',#721);
#721 = CARTESIAN_POINT('',(-13.10122880725,110.89083307981,
    32.415751266788));
#722 = LINE('',#723,#724);
#723 = CARTESIAN_POINT('',(-13.70122880725,110.89083307981,
    29.077235031437));
#724 = VECTOR('',#725,1.);
#725 = DIRECTION('',(0.176886587568,0.,0.984231240684));
#726 = ORIENTED_EDGE('',*,*,#727,.T.);
#727 = EDGE_CURVE('',#720,#728,#730,.T.);
#728 = VERTEX_POINT('',#729);
#729 = CARTESIAN_POINT('',(-12.50122880725,110.89083307981,
    34.242808151554));
#730 = LINE('',#731,#732);
#731 = CARTESIAN_POINT('',(-13.10122880725,110.89083307981,
    32.415751266788));
#732 = VECTOR('',#733,1.);
#733 = DIRECTION('',(0.312003711776,0.,0.950080882787));
#734 = ORIENTED_EDGE('',*,*,#735,.T.);
#735 = EDGE_CURVE('',#728,#736,#738,.T.);
#736 = VERTEX_POINT('',#737);
#737 = CARTESIAN_POINT('',(-11.90122880725,110.89083307981,
    35.13202934296));
#738 = LINE('',#739,#740);
#739 = CARTESIAN_POINT('',(-12.50122880725,110.89083307981,
    34.242808151554));
#740 = VECTOR('',#741,1.);
#741 = DIRECTION('',(0.559329197092,0.,0.828945625044));
#742 = ORIENTED_EDGE('',*,*,#743,.T.);
#743 = EDGE_CURVE('',#736,#744,#746,.T.);
#744 = VERTEX_POINT('',#745);
#745 = CARTESIAN_POINT('',(-11.30122880725,110.89083307981,
    36.099329757999));
#746 = LINE('',#747,#748);
#747 = CARTESIAN_POINT('',(-11.90122880725,110.89083307981,
    35.13202934296));
#748 = VECTOR('',#749,1.);
#749 = DIRECTION('',(0.527113371407,0.,0.849794971557));
#750 = ORIENTED_EDGE('',*,*,#751,.T.);
#751 = EDGE_CURVE('',#744,#752,#754,.T.);
#752 = VERTEX_POINT('',#753);
#753 = CARTESIAN_POINT('',(-10.70122880725,110.89083307981,
    36.756129074406));
#754 = LINE('',#755,#756);
#755 = CARTESIAN_POINT('',(-11.30122880725,110.89083307981,
    36.099329757999));
#756 = VECTOR('',#757,1.);
#757 = DIRECTION('',(0.674461632464,0.,0.738309898575));
#758 = ORIENTED_EDGE('',*,*,#759,.T.);
#759 = EDGE_CURVE('',#752,#760,#762,.T.);
#760 = VERTEX_POINT('',#761);
#761 = CARTESIAN_POINT('',(-10.10122880725,110.89083307981,
    37.948160934757));
#762 = LINE('',#763,#764);
#763 = CARTESIAN_POINT('',(-10.70122880725,110.89083307981,
    36.756129074406));
#764 = VECTOR('',#765,1.);
#765 = DIRECTION('',(0.449600319919,0.,0.893229842946));
#766 = ORIENTED_EDGE('',*,*,#767,.T.);
#767 = EDGE_CURVE('',#760,#768,#770,.T.);
#768 = VERTEX_POINT('',#769);
#769 = CARTESIAN_POINT('',(-9.50122880725,110.89083307981,
    39.639414596867));
#770 = LINE('',#771,#772);
#771 = CARTESIAN_POINT('',(-10.10122880725,110.89083307981,
    37.948160934757));
#772 = VECTOR('',#773,1.);
#773 = DIRECTION('',(0.334349330559,0.,0.94244921622));
#774 = ORIENTED_EDGE('',*,*,#775,.T.);
#775 = EDGE_CURVE('',#768,#776,#778,.T.);
#776 = VERTEX_POINT('',#777);
#777 = CARTESIAN_POINT('',(-8.90122880725,110.89083307981,
    41.215327072452));
#778 = LINE('',#779,#780);
#779 = CARTESIAN_POINT('',(-9.50122880725,110.89083307981,
    39.639414596867));
#780 = VECTOR('',#781,1.);
#781 = DIRECTION('',(0.355815304397,0.,0.934556295339));
#782 = ORIENTED_EDGE('',*,*,#783,.T.);
#783 = EDGE_CURVE('',#776,#784,#786,.T.);
#784 = VERTEX_POINT('',#785);
#785 = CARTESIAN_POINT('',(-8.30122880725,110.89083307981,
    43.002695846867));
#786 = LINE('',#787,#788);
#787 = CARTESIAN_POINT('',(-8.90122880725,110.89083307981,
    41.215327072452));
#788 = VECTOR('',#789,1.);
#789 = DIRECTION('',(0.318236917488,0.,0.948011215307));
#790 = ORIENTED_EDGE('',*,*,#791,.T.);
#791 = EDGE_CURVE('',#784,#792,#794,.T.);
#792 = VERTEX_POINT('',#793);
#793 = CARTESIAN_POINT('',(-7.70122880725,110.89083307981,
    43.784693527531));
#794 = LINE('',#795,#796);
#795 = CARTESIAN_POINT('',(-8.30122880725,110.89083307981,
    43.002695846867));
#796 = VECTOR('',#797,1.);
#797 = DIRECTION('',(0.608730825227,0.,0.793376822461));
#798 = ORIENTED_EDGE('',*,*,#799,.T.);
#799 = EDGE_CURVE('',#792,#800,#802,.T.);
#800 = VERTEX_POINT('',#801);
#801 = CARTESIAN_POINT('',(-7.10122880725,110.89083307981,
    44.204188156437));
#802 = LINE('',#803,#804);
#803 = CARTESIAN_POINT('',(-7.70122880725,110.89083307981,
    43.784693527531));
#804 = VECTOR('',#805,1.);
#805 = DIRECTION('',(0.819556091501,0.,0.57299896412));
#806 = ORIENTED_EDGE('',*,*,#807,.T.);
#807 = EDGE_CURVE('',#800,#808,#810,.T.);
#808 = VERTEX_POINT('',#809);
#809 = CARTESIAN_POINT('',(-6.50122880725,110.89083307981,
    44.251200485538));
#810 = LINE('',#811,#812);
#811 = CARTESIAN_POINT('',(-7.10122880725,110.89083307981,
    44.204188156437));
#812 = VECTOR('',#813,1.);
#813 = DIRECTION('',(0.996944396943,0.,7.811446347507E-02));
#814 = ORIENTED_EDGE('',*,*,#815,.T.);
#815 = EDGE_CURVE('',#808,#816,#818,.T.);
#816 = VERTEX_POINT('',#817);
#817 = CARTESIAN_POINT('',(-5.90122880725,110.89083307981,
    44.179957199406));
#818 = LINE('',#819,#820);
#819 = CARTESIAN_POINT('',(-6.50122880725,110.89083307981,
    44.251200485538));
#820 = VECTOR('',#821,1.);
#821 = DIRECTION('',(0.993024224512,0.,-0.117910514939));
#822 = ORIENTED_EDGE('',*,*,#823,.T.);
#823 = EDGE_CURVE('',#816,#824,#826,.T.);
#824 = VERTEX_POINT('',#825);
#825 = CARTESIAN_POINT('',(-5.30122880725,110.89083307981,
    44.257319259952));
#826 = LINE('',#827,#828);
#827 = CARTESIAN_POINT('',(-5.90122880725,110.89083307981,
    44.179957199406));
#828 = VECTOR('',#829,1.);
#829 = DIRECTION('',(0.991789882326,0.,0.127878181544));
#830 = ORIENTED_EDGE('',*,*,#831,.T.);
#831 = EDGE_CURVE('',#824,#832,#834,.T.);
#832 = VERTEX_POINT('',#833);
#833 = CARTESIAN_POINT('',(-4.70122880725,110.89083307981,
    44.137202072452));
#834 = LINE('',#835,#836);
#835 = CARTESIAN_POINT('',(-5.30122880725,110.89083307981,
    44.257319259952));
#836 = VECTOR('',#837,1.);
#837 = DIRECTION('',(0.98054382908,0.,-0.196300278283));
#838 = ORIENTED_EDGE('',*,*,#839,.T.);
#839 = EDGE_CURVE('',#832,#840,#842,.T.);
#840 = VERTEX_POINT('',#841);
#841 = CARTESIAN_POINT('',(-4.10122880725,110.89083307981,
    44.240931320499));
#842 = LINE('',#843,#844);
#843 = CARTESIAN_POINT('',(-4.70122880725,110.89083307981,
    44.137202072452));
#844 = VECTOR('',#845,1.);
#845 = DIRECTION('',(0.985382751644,0.,0.170355019777));
#846 = ORIENTED_EDGE('',*,*,#847,.T.);
#847 = EDGE_CURVE('',#840,#848,#850,.T.);
#848 = VERTEX_POINT('',#849);
#849 = CARTESIAN_POINT('',(-3.50122880725,110.89083307981,
    44.278132248234));
#850 = LINE('',#851,#852);
#851 = CARTESIAN_POINT('',(-4.10122880725,110.89083307981,
    44.240931320499));
#852 = VECTOR('',#853,1.);
#853 = DIRECTION('',(0.998083428118,0.,6.188271580385E-02));
#854 = ORIENTED_EDGE('',*,*,#855,.T.);
#855 = EDGE_CURVE('',#848,#856,#858,.T.);
#856 = VERTEX_POINT('',#857);
#857 = CARTESIAN_POINT('',(-2.90122880725,110.89083307981,
    44.079417038273));
#858 = LINE('',#859,#860);
#859 = CARTESIAN_POINT('',(-3.50122880725,110.89083307981,
    44.278132248234));
#860 = VECTOR('',#861,1.);
#861 = DIRECTION('',(0.949291354103,0.,-0.314397717908));
#862 = ORIENTED_EDGE('',*,*,#863,.T.);
#863 = EDGE_CURVE('',#856,#864,#866,.T.);
#864 = VERTEX_POINT('',#865);
#865 = CARTESIAN_POINT('',(-2.30122880725,110.89083307981,
    43.854975509952));
#866 = LINE('',#867,#868);
#867 = CARTESIAN_POINT('',(-2.90122880725,110.89083307981,
    44.079417038273));
#868 = VECTOR('',#869,1.);
#869 = DIRECTION('',(0.936615481087,0.,-0.350359016706));
#870 = ORIENTED_EDGE('',*,*,#871,.T.);
#871 = EDGE_CURVE('',#864,#872,#874,.T.);
#872 = VERTEX_POINT('',#873);
#873 = CARTESIAN_POINT('',(-1.70122880725,110.89083307981,
    43.837916183781));
#874 = LINE('',#875,#876);
#875 = CARTESIAN_POINT('',(-2.30122880725,110.89083307981,
    43.854975509952));
#876 = VECTOR('',#877,1.);
#877 = DIRECTION('',(0.999596049605,0.,-2.842072508388E-02));
#878 = ORIENTED_EDGE('',*,*,#879,.T.);
#879 = EDGE_CURVE('',#872,#880,#882,.T.);
#880 = VERTEX_POINT('',#881);
#881 = CARTESIAN_POINT('',(-1.10122880725,110.89083307981,
    43.829798507999));
#882 = LINE('',#883,#884);
#883 = CARTESIAN_POINT('',(-1.70122880725,110.89083307981,
    43.837916183781));
#884 = VECTOR('',#885,1.);
#885 = DIRECTION('',(0.999908489424,0.,-1.352822154677E-02));
#886 = ORIENTED_EDGE('',*,*,#887,.T.);
#887 = EDGE_CURVE('',#880,#888,#890,.T.);
#888 = VERTEX_POINT('',#889);
#889 = CARTESIAN_POINT('',(-0.50122880725,110.89083307981,
    43.631617355656));
#890 = LINE('',#891,#892);
#891 = CARTESIAN_POINT('',(-1.10122880725,110.89083307981,
    43.829798507999));
#892 = VECTOR('',#893,1.);
#893 = DIRECTION('',(0.949543298195,0.,-0.313635975061));
#894 = ORIENTED_EDGE('',*,*,#895,.T.);
#895 = EDGE_CURVE('',#888,#896,#898,.T.);
#896 = VERTEX_POINT('',#897);
#897 = CARTESIAN_POINT('',(9.877119275041E-02,110.89083307981,
    43.819773483585));
#898 = LINE('',#899,#900);
#899 = CARTESIAN_POINT('',(-0.50122880725,110.89083307981,
    43.631617355656));
#900 = VECTOR('',#901,1.);
#901 = DIRECTION('',(0.954182439059,0.,0.29922545512));
#902 = ORIENTED_EDGE('',*,*,#903,.T.);
#903 = EDGE_CURVE('',#896,#904,#906,.T.);
#904 = VERTEX_POINT('',#905);
#905 = CARTESIAN_POINT('',(0.69877119275,110.89083307981,44.009867477726
    ));
#906 = LINE('',#907,#908);
#907 = CARTESIAN_POINT('',(9.877119275041E-02,110.89083307981,
    43.819773483585));
#908 = VECTOR('',#909,1.);
#909 = DIRECTION('',(0.953299234464,0.,0.302027431817));
#910 = ORIENTED_EDGE('',*,*,#911,.T.);
#911 = EDGE_CURVE('',#904,#912,#914,.T.);
#912 = VERTEX_POINT('',#913);
#913 = CARTESIAN_POINT('',(1.29877119275,110.89083307981,44.284189987492
    ));
#914 = LINE('',#915,#916);
#915 = CARTESIAN_POINT('',(0.69877119275,110.89083307981,44.009867477726
    ));
#916 = VECTOR('',#917,1.);
#917 = DIRECTION('',(0.909453385384,0.,0.415805891989));
#918 = ORIENTED_EDGE('',*,*,#919,.T.);
#919 = EDGE_CURVE('',#912,#920,#922,.T.);
#920 = VERTEX_POINT('',#921);
#921 = CARTESIAN_POINT('',(1.89877119275,110.89083307981,44.186121750187
    ));
#922 = LINE('',#923,#924);
#923 = CARTESIAN_POINT('',(1.29877119275,110.89083307981,44.284189987492
    ));
#924 = VECTOR('',#925,1.);
#925 = DIRECTION('',(0.986904339822,0.,-0.161306614991));
#926 = ORIENTED_EDGE('',*,*,#927,.T.);
#927 = EDGE_CURVE('',#920,#928,#930,.T.);
#928 = VERTEX_POINT('',#929);
#929 = CARTESIAN_POINT('',(2.49877119275,110.89083307981,44.196696091007
    ));
#930 = LINE('',#931,#932);
#931 = CARTESIAN_POINT('',(1.89877119275,110.89083307981,44.186121750187
    ));
#932 = VECTOR('',#933,1.);
#933 = DIRECTION('',(0.999844735219,0.,1.762116499599E-02));
#934 = ORIENTED_EDGE('',*,*,#935,.T.);
#935 = EDGE_CURVE('',#928,#936,#938,.T.);
#936 = VERTEX_POINT('',#937);
#937 = CARTESIAN_POINT('',(3.09877119275,110.89083307981,44.27216606171)
  );
#938 = LINE('',#939,#940);
#939 = CARTESIAN_POINT('',(2.49877119275,110.89083307981,44.196696091007
    ));
#940 = VECTOR('',#941,1.);
#941 = DIRECTION('',(0.992181931115,0.,0.124799902122));
#942 = ORIENTED_EDGE('',*,*,#943,.T.);
#943 = EDGE_CURVE('',#936,#944,#946,.T.);
#944 = VERTEX_POINT('',#945);
#945 = CARTESIAN_POINT('',(3.69877119275,110.89083307981,44.303767013859
    ));
#946 = LINE('',#947,#948);
#947 = CARTESIAN_POINT('',(3.09877119275,110.89083307981,44.27216606171)
  );
#948 = VECTOR('',#949,1.);
#949 = DIRECTION('',(0.998615906417,0.,5.259535578893E-02));
#950 = ORIENTED_EDGE('',*,*,#951,.T.);
#951 = EDGE_CURVE('',#944,#952,#954,.T.);
#952 = VERTEX_POINT('',#953);
#953 = CARTESIAN_POINT('',(4.29877119275,110.89083307981,44.233073044132
    ));
#954 = LINE('',#955,#956);
#955 = CARTESIAN_POINT('',(3.69877119275,110.89083307981,44.303767013859
    ));
#956 = VECTOR('',#957,1.);
#957 = DIRECTION('',(0.993130280593,0.,-0.117013869985));
#958 = ORIENTED_EDGE('',*,*,#959,.T.);
#959 = EDGE_CURVE('',#952,#960,#962,.T.);
#960 = VERTEX_POINT('',#961);
#961 = CARTESIAN_POINT('',(4.89877119275,110.89083307981,44.315272140812
    ));
#962 = LINE('',#963,#964);
#963 = CARTESIAN_POINT('',(4.29877119275,110.89083307981,44.233073044132
    ));
#964 = VECTOR('',#965,1.);
#965 = DIRECTION('',(0.990745771008,0.,0.135730679027));
#966 = ORIENTED_EDGE('',*,*,#967,.T.);
#967 = EDGE_CURVE('',#960,#968,#970,.T.);
#968 = VERTEX_POINT('',#969);
#969 = CARTESIAN_POINT('',(5.49877119275,110.89083307981,44.07148246796)
  );
#970 = LINE('',#971,#972);
#971 = CARTESIAN_POINT('',(4.89877119275,110.89083307981,44.315272140812
    ));
#972 = VECTOR('',#973,1.);
#973 = DIRECTION('',(0.926445214964,0.,-0.376429626452));
#974 = ORIENTED_EDGE('',*,*,#975,.T.);
#975 = EDGE_CURVE('',#968,#976,#978,.T.);
#976 = VERTEX_POINT('',#977);
#977 = CARTESIAN_POINT('',(6.09877119275,110.89083307981,42.991663742374
    ));
#978 = LINE('',#979,#980);
#979 = CARTESIAN_POINT('',(5.49877119275,110.89083307981,44.07148246796)
  );
#980 = VECTOR('',#981,1.);
#981 = DIRECTION('',(0.485705226594,0.,-0.874122664652));
#982 = ORIENTED_EDGE('',*,*,#983,.T.);
#983 = EDGE_CURVE('',#976,#984,#986,.T.);
#984 = VERTEX_POINT('',#985);
#985 = CARTESIAN_POINT('',(6.69877119275,110.89083307981,41.393839645695
    ));
#986 = LINE('',#987,#988);
#987 = CARTESIAN_POINT('',(6.09877119275,110.89083307981,42.991663742374
    ));
#988 = VECTOR('',#989,1.);
#989 = DIRECTION('',(0.351542542072,0.,-0.936171907885));
#990 = ORIENTED_EDGE('',*,*,#991,.T.);
#991 = EDGE_CURVE('',#984,#992,#994,.T.);
#992 = VERTEX_POINT('',#993);
#993 = CARTESIAN_POINT('',(7.29877119275,110.89083307981,40.09899406464)
  );
#994 = LINE('',#995,#996);
#995 = CARTESIAN_POINT('',(6.69877119275,110.89083307981,41.393839645695
    ));
#996 = VECTOR('',#997,1.);
#997 = DIRECTION('',(0.420431944825,0.,-0.907324076486));
#998 = ORIENTED_EDGE('',*,*,#999,.T.);
#999 = EDGE_CURVE('',#992,#1000,#1002,.T.);
#1000 = VERTEX_POINT('',#1001);
#1001 = CARTESIAN_POINT('',(7.89877119275,110.89083307981,
    38.166514206242));
#1002 = LINE('',#1003,#1004);
#1003 = CARTESIAN_POINT('',(7.29877119275,110.89083307981,40.09899406464
    ));
#1004 = VECTOR('',#1005,1.);
#1005 = DIRECTION('',(0.296518611659,0.,-0.955027074454));
#1006 = ORIENTED_EDGE('',*,*,#1007,.T.);
#1007 = EDGE_CURVE('',#1000,#1008,#1010,.T.);
#1008 = VERTEX_POINT('',#1009);
#1009 = CARTESIAN_POINT('',(8.49877119275,110.89083307981,
    37.093958664249));
#1010 = LINE('',#1011,#1012);
#1011 = CARTESIAN_POINT('',(7.89877119275,110.89083307981,
    38.166514206242));
#1012 = VECTOR('',#1013,1.);
#1013 = DIRECTION('',(0.48821239348,0.,-0.872724847161));
#1014 = ORIENTED_EDGE('',*,*,#1015,.T.);
#1015 = EDGE_CURVE('',#1008,#1016,#1018,.T.);
#1016 = VERTEX_POINT('',#1017);
#1017 = CARTESIAN_POINT('',(9.09877119275,110.89083307981,
    36.155863571476));
#1018 = LINE('',#1019,#1020);
#1019 = CARTESIAN_POINT('',(8.49877119275,110.89083307981,
    37.093958664249));
#1020 = VECTOR('',#1021,1.);
#1021 = DIRECTION('',(0.538811038752,0.,-0.842426652308));
#1022 = ORIENTED_EDGE('',*,*,#1023,.T.);
#1023 = EDGE_CURVE('',#1016,#1024,#1026,.T.);
#1024 = VERTEX_POINT('',#1025);
#1025 = CARTESIAN_POINT('',(9.69877119275,110.89083307981,
    35.297617721867));
#1026 = LINE('',#1027,#1028);
#1027 = CARTESIAN_POINT('',(9.09877119275,110.89083307981,
    36.155863571476));
#1028 = VECTOR('',#1029,1.);
#1029 = DIRECTION('',(0.57296740182,0.,-0.819578157622));
#1030 = ORIENTED_EDGE('',*,*,#1031,.T.);
#1031 = EDGE_CURVE('',#1024,#1032,#1034,.T.);
#1032 = VERTEX_POINT('',#1033);
#1033 = CARTESIAN_POINT('',(10.29877119275,110.89083307981,
    34.485453415226));
#1034 = LINE('',#1035,#1036);
#1035 = CARTESIAN_POINT('',(9.69877119275,110.89083307981,
    35.297617721867));
#1036 = VECTOR('',#1037,1.);
#1037 = DIRECTION('',(0.594201883235,0.,-0.80431593417));
#1038 = ORIENTED_EDGE('',*,*,#1039,.T.);
#1039 = EDGE_CURVE('',#1032,#1040,#1042,.T.);
#1040 = VERTEX_POINT('',#1041);
#1041 = CARTESIAN_POINT('',(10.89877119275,110.89083307981,
    33.490382004093));
#1042 = LINE('',#1043,#1044);
#1043 = CARTESIAN_POINT('',(10.29877119275,110.89083307981,
    34.485453415226));
#1044 = VECTOR('',#1045,1.);
#1045 = DIRECTION('',(0.516365820642,0.,-0.856368109678));
#1046 = ORIENTED_EDGE('',*,*,#1047,.T.);
#1047 = EDGE_CURVE('',#1040,#1048,#1050,.T.);
#1048 = VERTEX_POINT('',#1049);
#1049 = CARTESIAN_POINT('',(11.49877119275,110.89083307981,
    30.519968796085));
#1050 = LINE('',#1051,#1052);
#1051 = CARTESIAN_POINT('',(10.89877119275,110.89083307981,
    33.490382004093));
#1052 = VECTOR('',#1053,1.);
#1053 = DIRECTION('',(0.197993335775,0.,-0.980203366138));
#1054 = ORIENTED_EDGE('',*,*,#1055,.T.);
#1055 = EDGE_CURVE('',#1048,#1056,#1058,.T.);
#1056 = VERTEX_POINT('',#1057);
#1057 = CARTESIAN_POINT('',(12.09877119275,110.89083307981,
    27.121577072452));
#1058 = LINE('',#1059,#1060);
#1059 = CARTESIAN_POINT('',(11.49877119275,110.89083307981,
    30.519968796085));
#1060 = VECTOR('',#1061,1.);
#1061 = DIRECTION('',(0.173865091611,0.,-0.984769480599));
#1062 = ORIENTED_EDGE('',*,*,#1063,.T.);
#1063 = EDGE_CURVE('',#1056,#1064,#1066,.T.);
#1064 = VERTEX_POINT('',#1065);
#1065 = CARTESIAN_POINT('',(12.69877119275,110.89083307981,
    23.841547775577));
#1066 = LINE('',#1067,#1068);
#1067 = CARTESIAN_POINT('',(12.09877119275,110.89083307981,
    27.121577072452));
#1068 = VECTOR('',#1069,1.);
#1069 = DIRECTION('',(0.179939433857,0.,-0.983677691189));
#1070 = ORIENTED_EDGE('',*,*,#1071,.T.);
#1071 = EDGE_CURVE('',#1064,#1072,#1074,.T.);
#1072 = VERTEX_POINT('',#1073);
#1073 = CARTESIAN_POINT('',(13.29877119275,110.89083307981,
    20.925715256046));
#1074 = LINE('',#1075,#1076);
#1075 = CARTESIAN_POINT('',(12.69877119275,110.89083307981,
    23.841547775577));
#1076 = VECTOR('',#1077,1.);
#1077 = DIRECTION('',(0.201550293486,0.,-0.979478166778));
#1078 = ORIENTED_EDGE('',*,*,#1079,.T.);
#1079 = EDGE_CURVE('',#1072,#1080,#1082,.T.);
#1080 = VERTEX_POINT('',#1081);
#1081 = CARTESIAN_POINT('',(13.89877119275,110.89083307981,
    18.649866867374));
#1082 = LINE('',#1083,#1084);
#1083 = CARTESIAN_POINT('',(13.29877119275,110.89083307981,
    20.925715256046));
#1084 = VECTOR('',#1085,1.);
#1085 = DIRECTION('',(0.254927402098,0.,-0.966960195489));
#1086 = ORIENTED_EDGE('',*,*,#1087,.T.);
#1087 = EDGE_CURVE('',#1080,#1088,#1090,.T.);
#1088 = VERTEX_POINT('',#1089);
#1089 = CARTESIAN_POINT('',(14.49877119275,110.89083307981,
    18.57441215546));
#1090 = LINE('',#1091,#1092);
#1091 = CARTESIAN_POINT('',(13.89877119275,110.89083307981,
    18.649866867374));
#1092 = VECTOR('',#1093,1.);
#1093 = DIRECTION('',(0.992185055207,0.,-0.12477506251));
#1094 = ORIENTED_EDGE('',*,*,#1095,.T.);
#1095 = EDGE_CURVE('',#1088,#1096,#1098,.T.);
#1096 = VERTEX_POINT('',#1097);
#1097 = CARTESIAN_POINT('',(15.09877119275,110.89083307981,
    18.366144943546));
#1098 = LINE('',#1099,#1100);
#1099 = CARTESIAN_POINT('',(14.49877119275,110.89083307981,
    18.57441215546));
#1100 = VECTOR('',#1101,1.);
#1101 = DIRECTION('',(0.944705919244,0.,-0.327918779799));
#1102 = ORIENTED_EDGE('',*,*,#1103,.T.);
#1103 = EDGE_CURVE('',#1096,#1104,#1106,.T.);
#1104 = VERTEX_POINT('',#1105);
#1105 = CARTESIAN_POINT('',(15.69877119275,110.89083307981,
    18.528864670109));
#1106 = LINE('',#1107,#1108);
#1107 = CARTESIAN_POINT('',(15.09877119275,110.89083307981,
    18.366144943546));
#1108 = VECTOR('',#1109,1.);
#1109 = DIRECTION('',(0.965137133011,0.,0.261744750631));
#1110 = ORIENTED_EDGE('',*,*,#1111,.T.);
#1111 = EDGE_CURVE('',#1104,#1112,#1114,.T.);
#1112 = VERTEX_POINT('',#1113);
#1113 = CARTESIAN_POINT('',(16.29877119275,110.89083307981,
    18.394556808781));
#1114 = LINE('',#1115,#1116);
#1115 = CARTESIAN_POINT('',(15.69877119275,110.89083307981,
    18.528864670109));
#1116 = VECTOR('',#1117,1.);
#1117 = DIRECTION('',(0.975850246978,0.,-0.218440599414));
#1118 = ORIENTED_EDGE('',*,*,#1119,.T.);
#1119 = EDGE_CURVE('',#1112,#1120,#1122,.T.);
#1120 = VERTEX_POINT('',#1121);
#1121 = CARTESIAN_POINT('',(16.89877119275,110.89083307981,
    18.468363571476));
#1122 = LINE('',#1123,#1124);
#1123 = CARTESIAN_POINT('',(16.29877119275,110.89083307981,
    18.394556808781));
#1124 = VECTOR('',#1125,1.);
#1125 = DIRECTION('',(0.992518908955,0.,0.12209101264));
#1126 = ORIENTED_EDGE('',*,*,#1127,.T.);
#1127 = EDGE_CURVE('',#1120,#1128,#1130,.T.);
#1128 = VERTEX_POINT('',#1129);
#1129 = CARTESIAN_POINT('',(17.49877119275,110.89083307981,
    18.345621872257));
#1130 = LINE('',#1131,#1132);
#1131 = CARTESIAN_POINT('',(16.89877119275,110.89083307981,
    18.468363571476));
#1132 = VECTOR('',#1133,1.);
#1133 = DIRECTION('',(0.979710307185,0.,-0.20041884641));
#1134 = ORIENTED_EDGE('',*,*,#1135,.T.);
#1135 = EDGE_CURVE('',#1128,#1136,#1138,.T.);
#1136 = VERTEX_POINT('',#1137);
#1137 = CARTESIAN_POINT('',(18.09877119275,110.89083307981,
    17.894938278507));
#1138 = LINE('',#1139,#1140);
#1139 = CARTESIAN_POINT('',(17.49877119275,110.89083307981,
    18.345621872257));
#1140 = VECTOR('',#1141,1.);
#1141 = DIRECTION('',(0.799562526802,0.,-0.600582855012));
#1142 = ORIENTED_EDGE('',*,*,#1143,.T.);
#1143 = EDGE_CURVE('',#1136,#1144,#1146,.T.);
#1144 = VERTEX_POINT('',#1145);
#1145 = CARTESIAN_POINT('',(18.69877119275,110.89083307981,
    18.168635177921));
#1146 = LINE('',#1147,#1148);
#1147 = CARTESIAN_POINT('',(18.09877119275,110.89083307981,
    17.894938278507));
#1148 = VECTOR('',#1149,1.);
#1149 = DIRECTION('',(0.909811783207,0.,0.415021106857));
#1150 = ORIENTED_EDGE('',*,*,#1151,.T.);
#1151 = EDGE_CURVE('',#1144,#1152,#1154,.T.);
#1152 = VERTEX_POINT('',#1153);
#1153 = CARTESIAN_POINT('',(19.29877119275,110.89083307981,
    17.736628341984));
#1154 = LINE('',#1155,#1156);
#1155 = CARTESIAN_POINT('',(18.69877119275,110.89083307981,
    18.168635177921));
#1156 = VECTOR('',#1157,1.);
#1157 = DIRECTION('',(0.811529957155,0.,-0.584310815098));
#1158 = ORIENTED_EDGE('',*,*,#1159,.T.);
#1159 = EDGE_CURVE('',#1152,#1160,#1162,.T.);
#1160 = VERTEX_POINT('',#1161);
#1161 = CARTESIAN_POINT('',(19.89877119275,110.89083307981,
    17.379130173038));
#1162 = LINE('',#1163,#1164);
#1163 = CARTESIAN_POINT('',(19.29877119275,110.89083307981,
    17.736628341984));
#1164 = VECTOR('',#1165,1.);
#1165 = DIRECTION('',(0.859069208542,0.,-0.511859448418));
#1166 = ORIENTED_EDGE('',*,*,#1167,.T.);
#1167 = EDGE_CURVE('',#1160,#1168,#1170,.T.);
#1168 = VERTEX_POINT('',#1169);
#1169 = CARTESIAN_POINT('',(20.49877119275,110.89083307981,
    16.249735641788));
#1170 = LINE('',#1171,#1172);
#1171 = CARTESIAN_POINT('',(19.89877119275,110.89083307981,
    17.379130173038));
#1172 = VECTOR('',#1173,1.);
#1173 = DIRECTION('',(0.469160809073,0.,-0.883112753407));
#1174 = ORIENTED_EDGE('',*,*,#1175,.T.);
#1175 = EDGE_CURVE('',#1168,#1176,#1178,.T.);
#1176 = VERTEX_POINT('',#1177);
#1177 = CARTESIAN_POINT('',(20.49877119275,110.89083307981,
    11.842005539249));
#1178 = LINE('',#1179,#1180);
#1179 = CARTESIAN_POINT('',(20.49877119275,110.89083307981,
    16.249735641788));
#1180 = VECTOR('',#1181,1.);
#1181 = DIRECTION('',(0.,0.,-1.));
#1182 = ORIENTED_EDGE('',*,*,#1183,.T.);
#1183 = EDGE_CURVE('',#1176,#1184,#1186,.T.);
#1184 = VERTEX_POINT('',#1185);
#1185 = CARTESIAN_POINT('',(19.89877119275,110.89083307981,
    10.722773361515));
#1186 = LINE('',#1187,#1188);
#1187 = CARTESIAN_POINT('',(20.49877119275,110.89083307981,
    11.842005539249));
#1188 = VECTOR('',#1189,1.);
#1189 = DIRECTION('',(-0.47247307091,0.,-0.881345106792));
#1190 = ORIENTED_EDGE('',*,*,#1191,.T.);
#1191 = EDGE_CURVE('',#1184,#1192,#1194,.T.);
#1192 = VERTEX_POINT('',#1193);
#1193 = CARTESIAN_POINT('',(19.29877119275,110.89083307981,
    10.263247299503));
#1194 = LINE('',#1195,#1196);
#1195 = CARTESIAN_POINT('',(19.89877119275,110.89083307981,
    10.722773361515));
#1196 = VECTOR('',#1197,1.);
#1197 = DIRECTION('',(-0.793909064421,0.,-0.608036509948));
#1198 = ORIENTED_EDGE('',*,*,#1199,.T.);
#1199 = EDGE_CURVE('',#1192,#1200,#1202,.T.);
#1200 = VERTEX_POINT('',#1201);
#1201 = CARTESIAN_POINT('',(18.69877119275,110.89083307981,
    9.905535507511));
#1202 = LINE('',#1203,#1204);
#1203 = CARTESIAN_POINT('',(19.29877119275,110.89083307981,
    10.263247299503));
#1204 = VECTOR('',#1205,1.);
#1205 = DIRECTION('',(-0.858934705651,0.,-0.512085121271));
#1206 = ORIENTED_EDGE('',*,*,#1207,.T.);
#1207 = EDGE_CURVE('',#1200,#1208,#1210,.T.);
#1208 = VERTEX_POINT('',#1209);
#1209 = CARTESIAN_POINT('',(18.09877119275,110.89083307981,9.53169517548
    ));
#1210 = LINE('',#1211,#1212);
#1211 = CARTESIAN_POINT('',(18.69877119275,110.89083307981,
    9.905535507511));
#1212 = VECTOR('',#1213,1.);
#1213 = DIRECTION('',(-0.848734749827,0.,-0.528818801137));
#1214 = ORIENTED_EDGE('',*,*,#1215,.T.);
#1215 = EDGE_CURVE('',#1208,#1216,#1218,.T.);
#1216 = VERTEX_POINT('',#1217);
#1217 = CARTESIAN_POINT('',(17.49877119275,110.89083307981,
    8.968066025089));
#1218 = LINE('',#1219,#1220);
#1219 = CARTESIAN_POINT('',(18.09877119275,110.89083307981,9.53169517548
    ));
#1220 = VECTOR('',#1221,1.);
#1221 = DIRECTION('',(-0.72885244469,0.,-0.684670806935));
#1222 = ORIENTED_EDGE('',*,*,#1223,.T.);
#1223 = EDGE_CURVE('',#1216,#1224,#1226,.T.);
#1224 = VERTEX_POINT('',#1225);
#1225 = CARTESIAN_POINT('',(16.89877119275,110.89083307981,
    1.670832443546));
#1226 = LINE('',#1227,#1228);
#1227 = CARTESIAN_POINT('',(17.49877119275,110.89083307981,
    8.968066025089));
#1228 = VECTOR('',#1229,1.);
#1229 = DIRECTION('',(-8.194640283563E-02,0.,-0.996636737765));
#1230 = ORIENTED_EDGE('',*,*,#1231,.T.);
#1231 = EDGE_CURVE('',#1224,#1232,#1234,.T.);
#1232 = VERTEX_POINT('',#1233);
#1233 = CARTESIAN_POINT('',(16.29877119275,110.89083307981,
    0.985255050968));
#1234 = LINE('',#1235,#1236);
#1235 = CARTESIAN_POINT('',(16.89877119275,110.89083307981,
    1.670832443546));
#1236 = VECTOR('',#1237,1.);
#1237 = DIRECTION('',(-0.658579068914,0.,-0.752511534788));
#1238 = ORIENTED_EDGE('',*,*,#1239,.T.);
#1239 = EDGE_CURVE('',#1232,#1240,#1242,.T.);
#1240 = VERTEX_POINT('',#1241);
#1241 = CARTESIAN_POINT('',(15.940897545896,110.89083307981,
    -37.98472785918));
#1242 = LINE('',#1243,#1244);
#1243 = CARTESIAN_POINT('',(16.29877119275,110.89083307981,
    0.985255050968));
#1244 = VECTOR('',#1245,1.);
#1245 = DIRECTION('',(-9.182928263126E-03,0.,-0.999957836025));
#1246 = ORIENTED_EDGE('',*,*,#1247,.F.);
#1247 = EDGE_CURVE('',#70,#1240,#1248,.T.);
#1248 = LINE('',#1249,#1250);
#1249 = CARTESIAN_POINT('',(-33.29744684635,110.89083307981,
    -37.98472785918));
#1250 = VECTOR('',#1251,1.);
#1251 = DIRECTION('',(1.,0.,0.));
#1252 = PLANE('',#1253);
#1253 = AXIS2_PLACEMENT_3D('',#1254,#1255,#1256);
#1254 = CARTESIAN_POINT('',(0.106335114538,110.89083307981,
    -29.72375156081));
#1255 = DIRECTION('',(0.,1.,0.));
#1256 = DIRECTION('',(0.,-0.,1.));
#1257 = ADVANCED_FACE('',(#1258),#1269,.F.);
#1258 = FACE_BOUND('',#1259,.F.);
#1259 = EDGE_LOOP('',(#1260,#1261,#1267,#1268));
#1260 = ORIENTED_EDGE('',*,*,#678,.T.);
#1261 = ORIENTED_EDGE('',*,*,#1262,.T.);
#1262 = EDGE_CURVE('',#671,#1240,#1263,.T.);
#1263 = LINE('',#1264,#1265);
#1264 = CARTESIAN_POINT('',(15.940897545896,-135.8908330798,
    -37.98472785918));
#1265 = VECTOR('',#1266,1.);
#1266 = DIRECTION('',(0.,1.,-0.));
#1267 = ORIENTED_EDGE('',*,*,#1247,.F.);
#1268 = ORIENTED_EDGE('',*,*,#69,.T.);
#1269 = PLANE('',#1270);
#1270 = AXIS2_PLACEMENT_3D('',#1271,#1272,#1273);
#1271 = CARTESIAN_POINT('',(-66.70122880725,-160.8908330798,
    -37.98472785918));
#1272 = DIRECTION('',(0.,0.,1.));
#1273 = DIRECTION('',(1.,0.,-0.));
#1274 = ADVANCED_FACE('',(#1275),#1286,.F.);
#1275 = FACE_BOUND('',#1276,.F.);
#1276 = EDGE_LOOP('',(#1277,#1278,#1279,#1285));
#1277 = ORIENTED_EDGE('',*,*,#101,.T.);
#1278 = ORIENTED_EDGE('',*,*,#695,.T.);
#1279 = ORIENTED_EDGE('',*,*,#1280,.F.);
#1280 = EDGE_CURVE('',#127,#696,#1281,.T.);
#1281 = LINE('',#1282,#1283);
#1282 = CARTESIAN_POINT('',(-14.90122880725,-110.8908330798,
    22.121348190617));
#1283 = VECTOR('',#1284,1.);
#1284 = DIRECTION('',(0.,1.,0.));
#1285 = ORIENTED_EDGE('',*,*,#126,.F.);
#1286 = PLANE('',#1287);
#1287 = AXIS2_PLACEMENT_3D('',#1288,#1289,#1290);
#1288 = CARTESIAN_POINT('',(-15.50122880725,-110.8908330798,
    19.097285080265));
#1289 = DIRECTION('',(0.980879721827,0.,-0.194614930846));
#1290 = DIRECTION('',(0.194614930846,0.,0.980879721827));
#1291 = ADVANCED_FACE('',(#1292),#1303,.F.);
#1292 = FACE_BOUND('',#1293,.F.);
#1293 = EDGE_LOOP('',(#1294,#1295,#1301,#1302));
#1294 = ORIENTED_EDGE('',*,*,#670,.F.);
#1295 = ORIENTED_EDGE('',*,*,#1296,.T.);
#1296 = EDGE_CURVE('',#663,#1232,#1297,.T.);
#1297 = LINE('',#1298,#1299);
#1298 = CARTESIAN_POINT('',(16.29877119275,-110.8908330798,
    0.985255050968));
#1299 = VECTOR('',#1300,1.);
#1300 = DIRECTION('',(0.,1.,0.));
#1301 = ORIENTED_EDGE('',*,*,#1239,.T.);
#1302 = ORIENTED_EDGE('',*,*,#1262,.F.);
#1303 = PLANE('',#1304);
#1304 = AXIS2_PLACEMENT_3D('',#1305,#1306,#1307);
#1305 = CARTESIAN_POINT('',(16.29877119275,-110.8908330798,
    0.985255050968));
#1306 = DIRECTION('',(-0.999957836025,0.,9.182928263126E-03));
#1307 = DIRECTION('',(-9.182928263126E-03,0.,-0.999957836025));
#1308 = ADVANCED_FACE('',(#1309),#1320,.F.);
#1309 = FACE_BOUND('',#1310,.F.);
#1310 = EDGE_LOOP('',(#1311,#1317,#1318,#1319));
#1311 = ORIENTED_EDGE('',*,*,#1312,.T.);
#1312 = EDGE_CURVE('',#655,#1224,#1313,.T.);
#1313 = LINE('',#1314,#1315);
#1314 = CARTESIAN_POINT('',(16.89877119275,-110.8908330798,
    1.670832443546));
#1315 = VECTOR('',#1316,1.);
#1316 = DIRECTION('',(0.,1.,0.));
#1317 = ORIENTED_EDGE('',*,*,#1231,.T.);
#1318 = ORIENTED_EDGE('',*,*,#1296,.F.);
#1319 = ORIENTED_EDGE('',*,*,#662,.F.);
#1320 = PLANE('',#1321);
#1321 = AXIS2_PLACEMENT_3D('',#1322,#1323,#1324);
#1322 = CARTESIAN_POINT('',(16.89877119275,-110.8908330798,
    1.670832443546));
#1323 = DIRECTION('',(-0.752511534788,0.,0.658579068914));
#1324 = DIRECTION('',(-0.658579068914,0.,-0.752511534788));
#1325 = ADVANCED_FACE('',(#1326),#1337,.F.);
#1326 = FACE_BOUND('',#1327,.F.);
#1327 = EDGE_LOOP('',(#1328,#1334,#1335,#1336));
#1328 = ORIENTED_EDGE('',*,*,#1329,.T.);
#1329 = EDGE_CURVE('',#647,#1216,#1330,.T.);
#1330 = LINE('',#1331,#1332);
#1331 = CARTESIAN_POINT('',(17.49877119275,-110.8908330798,
    8.968066025089));
#1332 = VECTOR('',#1333,1.);
#1333 = DIRECTION('',(0.,1.,0.));
#1334 = ORIENTED_EDGE('',*,*,#1223,.T.);
#1335 = ORIENTED_EDGE('',*,*,#1312,.F.);
#1336 = ORIENTED_EDGE('',*,*,#654,.F.);
#1337 = PLANE('',#1338);
#1338 = AXIS2_PLACEMENT_3D('',#1339,#1340,#1341);
#1339 = CARTESIAN_POINT('',(17.49877119275,-110.8908330798,
    8.968066025089));
#1340 = DIRECTION('',(-0.996636737765,0.,8.194640283563E-02));
#1341 = DIRECTION('',(-8.194640283563E-02,0.,-0.996636737765));
#1342 = ADVANCED_FACE('',(#1343),#1354,.F.);
#1343 = FACE_BOUND('',#1344,.F.);
#1344 = EDGE_LOOP('',(#1345,#1351,#1352,#1353));
#1345 = ORIENTED_EDGE('',*,*,#1346,.T.);
#1346 = EDGE_CURVE('',#639,#1208,#1347,.T.);
#1347 = LINE('',#1348,#1349);
#1348 = CARTESIAN_POINT('',(18.09877119275,-110.8908330798,9.53169517548
    ));
#1349 = VECTOR('',#1350,1.);
#1350 = DIRECTION('',(0.,1.,0.));
#1351 = ORIENTED_EDGE('',*,*,#1215,.T.);
#1352 = ORIENTED_EDGE('',*,*,#1329,.F.);
#1353 = ORIENTED_EDGE('',*,*,#646,.F.);
#1354 = PLANE('',#1355);
#1355 = AXIS2_PLACEMENT_3D('',#1356,#1357,#1358);
#1356 = CARTESIAN_POINT('',(18.09877119275,-110.8908330798,9.53169517548
    ));
#1357 = DIRECTION('',(-0.684670806935,0.,0.72885244469));
#1358 = DIRECTION('',(-0.72885244469,0.,-0.684670806935));
#1359 = ADVANCED_FACE('',(#1360),#1371,.F.);
#1360 = FACE_BOUND('',#1361,.F.);
#1361 = EDGE_LOOP('',(#1362,#1368,#1369,#1370));
#1362 = ORIENTED_EDGE('',*,*,#1363,.T.);
#1363 = EDGE_CURVE('',#631,#1200,#1364,.T.);
#1364 = LINE('',#1365,#1366);
#1365 = CARTESIAN_POINT('',(18.69877119275,-110.8908330798,
    9.905535507511));
#1366 = VECTOR('',#1367,1.);
#1367 = DIRECTION('',(0.,1.,0.));
#1368 = ORIENTED_EDGE('',*,*,#1207,.T.);
#1369 = ORIENTED_EDGE('',*,*,#1346,.F.);
#1370 = ORIENTED_EDGE('',*,*,#638,.F.);
#1371 = PLANE('',#1372);
#1372 = AXIS2_PLACEMENT_3D('',#1373,#1374,#1375);
#1373 = CARTESIAN_POINT('',(18.69877119275,-110.8908330798,
    9.905535507511));
#1374 = DIRECTION('',(-0.528818801137,0.,0.848734749827));
#1375 = DIRECTION('',(-0.848734749827,0.,-0.528818801137));
#1376 = ADVANCED_FACE('',(#1377),#1388,.F.);
#1377 = FACE_BOUND('',#1378,.F.);
#1378 = EDGE_LOOP('',(#1379,#1385,#1386,#1387));
#1379 = ORIENTED_EDGE('',*,*,#1380,.T.);
#1380 = EDGE_CURVE('',#623,#1192,#1381,.T.);
#1381 = LINE('',#1382,#1383);
#1382 = CARTESIAN_POINT('',(19.29877119275,-110.8908330798,
    10.263247299503));
#1383 = VECTOR('',#1384,1.);
#1384 = DIRECTION('',(0.,1.,0.));
#1385 = ORIENTED_EDGE('',*,*,#1199,.T.);
#1386 = ORIENTED_EDGE('',*,*,#1363,.F.);
#1387 = ORIENTED_EDGE('',*,*,#630,.F.);
#1388 = PLANE('',#1389);
#1389 = AXIS2_PLACEMENT_3D('',#1390,#1391,#1392);
#1390 = CARTESIAN_POINT('',(19.29877119275,-110.8908330798,
    10.263247299503));
#1391 = DIRECTION('',(-0.512085121271,0.,0.858934705651));
#1392 = DIRECTION('',(-0.858934705651,0.,-0.512085121271));
#1393 = ADVANCED_FACE('',(#1394),#1405,.F.);
#1394 = FACE_BOUND('',#1395,.F.);
#1395 = EDGE_LOOP('',(#1396,#1402,#1403,#1404));
#1396 = ORIENTED_EDGE('',*,*,#1397,.T.);
#1397 = EDGE_CURVE('',#615,#1184,#1398,.T.);
#1398 = LINE('',#1399,#1400);
#1399 = CARTESIAN_POINT('',(19.89877119275,-110.8908330798,
    10.722773361515));
#1400 = VECTOR('',#1401,1.);
#1401 = DIRECTION('',(0.,1.,0.));
#1402 = ORIENTED_EDGE('',*,*,#1191,.T.);
#1403 = ORIENTED_EDGE('',*,*,#1380,.F.);
#1404 = ORIENTED_EDGE('',*,*,#622,.F.);
#1405 = PLANE('',#1406);
#1406 = AXIS2_PLACEMENT_3D('',#1407,#1408,#1409);
#1407 = CARTESIAN_POINT('',(19.89877119275,-110.8908330798,
    10.722773361515));
#1408 = DIRECTION('',(-0.608036509948,0.,0.793909064421));
#1409 = DIRECTION('',(-0.793909064421,0.,-0.608036509948));
#1410 = ADVANCED_FACE('',(#1411),#1422,.F.);
#1411 = FACE_BOUND('',#1412,.F.);
#1412 = EDGE_LOOP('',(#1413,#1419,#1420,#1421));
#1413 = ORIENTED_EDGE('',*,*,#1414,.T.);
#1414 = EDGE_CURVE('',#607,#1176,#1415,.T.);
#1415 = LINE('',#1416,#1417);
#1416 = CARTESIAN_POINT('',(20.49877119275,-110.8908330798,
    11.842005539249));
#1417 = VECTOR('',#1418,1.);
#1418 = DIRECTION('',(0.,1.,0.));
#1419 = ORIENTED_EDGE('',*,*,#1183,.T.);
#1420 = ORIENTED_EDGE('',*,*,#1397,.F.);
#1421 = ORIENTED_EDGE('',*,*,#614,.F.);
#1422 = PLANE('',#1423);
#1423 = AXIS2_PLACEMENT_3D('',#1424,#1425,#1426);
#1424 = CARTESIAN_POINT('',(20.49877119275,-110.8908330798,
    11.842005539249));
#1425 = DIRECTION('',(-0.881345106792,0.,0.47247307091));
#1426 = DIRECTION('',(-0.47247307091,0.,-0.881345106792));
#1427 = ADVANCED_FACE('',(#1428),#1439,.F.);
#1428 = FACE_BOUND('',#1429,.F.);
#1429 = EDGE_LOOP('',(#1430,#1436,#1437,#1438));
#1430 = ORIENTED_EDGE('',*,*,#1431,.T.);
#1431 = EDGE_CURVE('',#599,#1168,#1432,.T.);
#1432 = LINE('',#1433,#1434);
#1433 = CARTESIAN_POINT('',(20.49877119275,-110.8908330798,
    16.249735641788));
#1434 = VECTOR('',#1435,1.);
#1435 = DIRECTION('',(0.,1.,0.));
#1436 = ORIENTED_EDGE('',*,*,#1175,.T.);
#1437 = ORIENTED_EDGE('',*,*,#1414,.F.);
#1438 = ORIENTED_EDGE('',*,*,#606,.F.);
#1439 = PLANE('',#1440);
#1440 = AXIS2_PLACEMENT_3D('',#1441,#1442,#1443);
#1441 = CARTESIAN_POINT('',(20.49877119275,-110.8908330798,
    16.249735641788));
#1442 = DIRECTION('',(-1.,0.,0.));
#1443 = DIRECTION('',(0.,0.,-1.));
#1444 = ADVANCED_FACE('',(#1445),#1456,.F.);
#1445 = FACE_BOUND('',#1446,.F.);
#1446 = EDGE_LOOP('',(#1447,#1453,#1454,#1455));
#1447 = ORIENTED_EDGE('',*,*,#1448,.T.);
#1448 = EDGE_CURVE('',#591,#1160,#1449,.T.);
#1449 = LINE('',#1450,#1451);
#1450 = CARTESIAN_POINT('',(19.89877119275,-110.8908330798,
    17.379130173038));
#1451 = VECTOR('',#1452,1.);
#1452 = DIRECTION('',(0.,1.,0.));
#1453 = ORIENTED_EDGE('',*,*,#1167,.T.);
#1454 = ORIENTED_EDGE('',*,*,#1431,.F.);
#1455 = ORIENTED_EDGE('',*,*,#598,.F.);
#1456 = PLANE('',#1457);
#1457 = AXIS2_PLACEMENT_3D('',#1458,#1459,#1460);
#1458 = CARTESIAN_POINT('',(19.89877119275,-110.8908330798,
    17.379130173038));
#1459 = DIRECTION('',(-0.883112753407,0.,-0.469160809073));
#1460 = DIRECTION('',(0.469160809073,0.,-0.883112753407));
#1461 = ADVANCED_FACE('',(#1462),#1473,.F.);
#1462 = FACE_BOUND('',#1463,.F.);
#1463 = EDGE_LOOP('',(#1464,#1470,#1471,#1472));
#1464 = ORIENTED_EDGE('',*,*,#1465,.T.);
#1465 = EDGE_CURVE('',#583,#1152,#1466,.T.);
#1466 = LINE('',#1467,#1468);
#1467 = CARTESIAN_POINT('',(19.29877119275,-110.8908330798,
    17.736628341984));
#1468 = VECTOR('',#1469,1.);
#1469 = DIRECTION('',(0.,1.,0.));
#1470 = ORIENTED_EDGE('',*,*,#1159,.T.);
#1471 = ORIENTED_EDGE('',*,*,#1448,.F.);
#1472 = ORIENTED_EDGE('',*,*,#590,.F.);
#1473 = PLANE('',#1474);
#1474 = AXIS2_PLACEMENT_3D('',#1475,#1476,#1477);
#1475 = CARTESIAN_POINT('',(19.29877119275,-110.8908330798,
    17.736628341984));
#1476 = DIRECTION('',(-0.511859448418,0.,-0.859069208542));
#1477 = DIRECTION('',(0.859069208542,0.,-0.511859448418));
#1478 = ADVANCED_FACE('',(#1479),#1490,.F.);
#1479 = FACE_BOUND('',#1480,.F.);
#1480 = EDGE_LOOP('',(#1481,#1487,#1488,#1489));
#1481 = ORIENTED_EDGE('',*,*,#1482,.T.);
#1482 = EDGE_CURVE('',#575,#1144,#1483,.T.);
#1483 = LINE('',#1484,#1485);
#1484 = CARTESIAN_POINT('',(18.69877119275,-110.8908330798,
    18.168635177921));
#1485 = VECTOR('',#1486,1.);
#1486 = DIRECTION('',(0.,1.,0.));
#1487 = ORIENTED_EDGE('',*,*,#1151,.T.);
#1488 = ORIENTED_EDGE('',*,*,#1465,.F.);
#1489 = ORIENTED_EDGE('',*,*,#582,.F.);
#1490 = PLANE('',#1491);
#1491 = AXIS2_PLACEMENT_3D('',#1492,#1493,#1494);
#1492 = CARTESIAN_POINT('',(18.69877119275,-110.8908330798,
    18.168635177921));
#1493 = DIRECTION('',(-0.584310815098,0.,-0.811529957155));
#1494 = DIRECTION('',(0.811529957155,0.,-0.584310815098));
#1495 = ADVANCED_FACE('',(#1496),#1507,.F.);
#1496 = FACE_BOUND('',#1497,.F.);
#1497 = EDGE_LOOP('',(#1498,#1504,#1505,#1506));
#1498 = ORIENTED_EDGE('',*,*,#1499,.T.);
#1499 = EDGE_CURVE('',#567,#1136,#1500,.T.);
#1500 = LINE('',#1501,#1502);
#1501 = CARTESIAN_POINT('',(18.09877119275,-110.8908330798,
    17.894938278507));
#1502 = VECTOR('',#1503,1.);
#1503 = DIRECTION('',(0.,1.,0.));
#1504 = ORIENTED_EDGE('',*,*,#1143,.T.);
#1505 = ORIENTED_EDGE('',*,*,#1482,.F.);
#1506 = ORIENTED_EDGE('',*,*,#574,.F.);
#1507 = PLANE('',#1508);
#1508 = AXIS2_PLACEMENT_3D('',#1509,#1510,#1511);
#1509 = CARTESIAN_POINT('',(18.09877119275,-110.8908330798,
    17.894938278507));
#1510 = DIRECTION('',(0.415021106857,0.,-0.909811783207));
#1511 = DIRECTION('',(0.909811783207,0.,0.415021106857));
#1512 = ADVANCED_FACE('',(#1513),#1524,.F.);
#1513 = FACE_BOUND('',#1514,.F.);
#1514 = EDGE_LOOP('',(#1515,#1521,#1522,#1523));
#1515 = ORIENTED_EDGE('',*,*,#1516,.T.);
#1516 = EDGE_CURVE('',#559,#1128,#1517,.T.);
#1517 = LINE('',#1518,#1519);
#1518 = CARTESIAN_POINT('',(17.49877119275,-110.8908330798,
    18.345621872257));
#1519 = VECTOR('',#1520,1.);
#1520 = DIRECTION('',(0.,1.,0.));
#1521 = ORIENTED_EDGE('',*,*,#1135,.T.);
#1522 = ORIENTED_EDGE('',*,*,#1499,.F.);
#1523 = ORIENTED_EDGE('',*,*,#566,.F.);
#1524 = PLANE('',#1525);
#1525 = AXIS2_PLACEMENT_3D('',#1526,#1527,#1528);
#1526 = CARTESIAN_POINT('',(17.49877119275,-110.8908330798,
    18.345621872257));
#1527 = DIRECTION('',(-0.600582855012,0.,-0.799562526802));
#1528 = DIRECTION('',(0.799562526802,0.,-0.600582855012));
#1529 = ADVANCED_FACE('',(#1530),#1541,.F.);
#1530 = FACE_BOUND('',#1531,.F.);
#1531 = EDGE_LOOP('',(#1532,#1538,#1539,#1540));
#1532 = ORIENTED_EDGE('',*,*,#1533,.T.);
#1533 = EDGE_CURVE('',#551,#1120,#1534,.T.);
#1534 = LINE('',#1535,#1536);
#1535 = CARTESIAN_POINT('',(16.89877119275,-110.8908330798,
    18.468363571476));
#1536 = VECTOR('',#1537,1.);
#1537 = DIRECTION('',(0.,1.,0.));
#1538 = ORIENTED_EDGE('',*,*,#1127,.T.);
#1539 = ORIENTED_EDGE('',*,*,#1516,.F.);
#1540 = ORIENTED_EDGE('',*,*,#558,.F.);
#1541 = PLANE('',#1542);
#1542 = AXIS2_PLACEMENT_3D('',#1543,#1544,#1545);
#1543 = CARTESIAN_POINT('',(16.89877119275,-110.8908330798,
    18.468363571476));
#1544 = DIRECTION('',(-0.20041884641,0.,-0.979710307185));
#1545 = DIRECTION('',(0.979710307185,0.,-0.20041884641));
#1546 = ADVANCED_FACE('',(#1547),#1558,.F.);
#1547 = FACE_BOUND('',#1548,.F.);
#1548 = EDGE_LOOP('',(#1549,#1555,#1556,#1557));
#1549 = ORIENTED_EDGE('',*,*,#1550,.T.);
#1550 = EDGE_CURVE('',#543,#1112,#1551,.T.);
#1551 = LINE('',#1552,#1553);
#1552 = CARTESIAN_POINT('',(16.29877119275,-110.8908330798,
    18.394556808781));
#1553 = VECTOR('',#1554,1.);
#1554 = DIRECTION('',(0.,1.,0.));
#1555 = ORIENTED_EDGE('',*,*,#1119,.T.);
#1556 = ORIENTED_EDGE('',*,*,#1533,.F.);
#1557 = ORIENTED_EDGE('',*,*,#550,.F.);
#1558 = PLANE('',#1559);
#1559 = AXIS2_PLACEMENT_3D('',#1560,#1561,#1562);
#1560 = CARTESIAN_POINT('',(16.29877119275,-110.8908330798,
    18.394556808781));
#1561 = DIRECTION('',(0.12209101264,0.,-0.992518908955));
#1562 = DIRECTION('',(0.992518908955,0.,0.12209101264));
#1563 = ADVANCED_FACE('',(#1564),#1575,.F.);
#1564 = FACE_BOUND('',#1565,.F.);
#1565 = EDGE_LOOP('',(#1566,#1572,#1573,#1574));
#1566 = ORIENTED_EDGE('',*,*,#1567,.T.);
#1567 = EDGE_CURVE('',#535,#1104,#1568,.T.);
#1568 = LINE('',#1569,#1570);
#1569 = CARTESIAN_POINT('',(15.69877119275,-110.8908330798,
    18.528864670109));
#1570 = VECTOR('',#1571,1.);
#1571 = DIRECTION('',(0.,1.,0.));
#1572 = ORIENTED_EDGE('',*,*,#1111,.T.);
#1573 = ORIENTED_EDGE('',*,*,#1550,.F.);
#1574 = ORIENTED_EDGE('',*,*,#542,.F.);
#1575 = PLANE('',#1576);
#1576 = AXIS2_PLACEMENT_3D('',#1577,#1578,#1579);
#1577 = CARTESIAN_POINT('',(15.69877119275,-110.8908330798,
    18.528864670109));
#1578 = DIRECTION('',(-0.218440599414,0.,-0.975850246978));
#1579 = DIRECTION('',(0.975850246978,0.,-0.218440599414));
#1580 = ADVANCED_FACE('',(#1581),#1592,.F.);
#1581 = FACE_BOUND('',#1582,.F.);
#1582 = EDGE_LOOP('',(#1583,#1589,#1590,#1591));
#1583 = ORIENTED_EDGE('',*,*,#1584,.T.);
#1584 = EDGE_CURVE('',#527,#1096,#1585,.T.);
#1585 = LINE('',#1586,#1587);
#1586 = CARTESIAN_POINT('',(15.09877119275,-110.8908330798,
    18.366144943546));
#1587 = VECTOR('',#1588,1.);
#1588 = DIRECTION('',(0.,1.,0.));
#1589 = ORIENTED_EDGE('',*,*,#1103,.T.);
#1590 = ORIENTED_EDGE('',*,*,#1567,.F.);
#1591 = ORIENTED_EDGE('',*,*,#534,.F.);
#1592 = PLANE('',#1593);
#1593 = AXIS2_PLACEMENT_3D('',#1594,#1595,#1596);
#1594 = CARTESIAN_POINT('',(15.09877119275,-110.8908330798,
    18.366144943546));
#1595 = DIRECTION('',(0.261744750631,0.,-0.965137133011));
#1596 = DIRECTION('',(0.965137133011,0.,0.261744750631));
#1597 = ADVANCED_FACE('',(#1598),#1609,.F.);
#1598 = FACE_BOUND('',#1599,.F.);
#1599 = EDGE_LOOP('',(#1600,#1606,#1607,#1608));
#1600 = ORIENTED_EDGE('',*,*,#1601,.T.);
#1601 = EDGE_CURVE('',#519,#1088,#1602,.T.);
#1602 = LINE('',#1603,#1604);
#1603 = CARTESIAN_POINT('',(14.49877119275,-110.8908330798,
    18.57441215546));
#1604 = VECTOR('',#1605,1.);
#1605 = DIRECTION('',(0.,1.,0.));
#1606 = ORIENTED_EDGE('',*,*,#1095,.T.);
#1607 = ORIENTED_EDGE('',*,*,#1584,.F.);
#1608 = ORIENTED_EDGE('',*,*,#526,.F.);
#1609 = PLANE('',#1610);
#1610 = AXIS2_PLACEMENT_3D('',#1611,#1612,#1613);
#1611 = CARTESIAN_POINT('',(14.49877119275,-110.8908330798,
    18.57441215546));
#1612 = DIRECTION('',(-0.327918779799,0.,-0.944705919244));
#1613 = DIRECTION('',(0.944705919244,0.,-0.327918779799));
#1614 = ADVANCED_FACE('',(#1615),#1626,.F.);
#1615 = FACE_BOUND('',#1616,.F.);
#1616 = EDGE_LOOP('',(#1617,#1623,#1624,#1625));
#1617 = ORIENTED_EDGE('',*,*,#1618,.T.);
#1618 = EDGE_CURVE('',#511,#1080,#1619,.T.);
#1619 = LINE('',#1620,#1621);
#1620 = CARTESIAN_POINT('',(13.89877119275,-110.8908330798,
    18.649866867374));
#1621 = VECTOR('',#1622,1.);
#1622 = DIRECTION('',(0.,1.,0.));
#1623 = ORIENTED_EDGE('',*,*,#1087,.T.);
#1624 = ORIENTED_EDGE('',*,*,#1601,.F.);
#1625 = ORIENTED_EDGE('',*,*,#518,.F.);
#1626 = PLANE('',#1627);
#1627 = AXIS2_PLACEMENT_3D('',#1628,#1629,#1630);
#1628 = CARTESIAN_POINT('',(13.89877119275,-110.8908330798,
    18.649866867374));
#1629 = DIRECTION('',(-0.12477506251,0.,-0.992185055207));
#1630 = DIRECTION('',(0.992185055207,0.,-0.12477506251));
#1631 = ADVANCED_FACE('',(#1632),#1643,.F.);
#1632 = FACE_BOUND('',#1633,.F.);
#1633 = EDGE_LOOP('',(#1634,#1640,#1641,#1642));
#1634 = ORIENTED_EDGE('',*,*,#1635,.T.);
#1635 = EDGE_CURVE('',#503,#1072,#1636,.T.);
#1636 = LINE('',#1637,#1638);
#1637 = CARTESIAN_POINT('',(13.29877119275,-110.8908330798,
    20.925715256046));
#1638 = VECTOR('',#1639,1.);
#1639 = DIRECTION('',(0.,1.,0.));
#1640 = ORIENTED_EDGE('',*,*,#1079,.T.);
#1641 = ORIENTED_EDGE('',*,*,#1618,.F.);
#1642 = ORIENTED_EDGE('',*,*,#510,.F.);
#1643 = PLANE('',#1644);
#1644 = AXIS2_PLACEMENT_3D('',#1645,#1646,#1647);
#1645 = CARTESIAN_POINT('',(13.29877119275,-110.8908330798,
    20.925715256046));
#1646 = DIRECTION('',(-0.966960195489,0.,-0.254927402098));
#1647 = DIRECTION('',(0.254927402098,0.,-0.966960195489));
#1648 = ADVANCED_FACE('',(#1649),#1660,.F.);
#1649 = FACE_BOUND('',#1650,.F.);
#1650 = EDGE_LOOP('',(#1651,#1657,#1658,#1659));
#1651 = ORIENTED_EDGE('',*,*,#1652,.T.);
#1652 = EDGE_CURVE('',#495,#1064,#1653,.T.);
#1653 = LINE('',#1654,#1655);
#1654 = CARTESIAN_POINT('',(12.69877119275,-110.8908330798,
    23.841547775577));
#1655 = VECTOR('',#1656,1.);
#1656 = DIRECTION('',(0.,1.,0.));
#1657 = ORIENTED_EDGE('',*,*,#1071,.T.);
#1658 = ORIENTED_EDGE('',*,*,#1635,.F.);
#1659 = ORIENTED_EDGE('',*,*,#502,.F.);
#1660 = PLANE('',#1661);
#1661 = AXIS2_PLACEMENT_3D('',#1662,#1663,#1664);
#1662 = CARTESIAN_POINT('',(12.69877119275,-110.8908330798,
    23.841547775577));
#1663 = DIRECTION('',(-0.979478166778,0.,-0.201550293486));
#1664 = DIRECTION('',(0.201550293486,0.,-0.979478166778));
#1665 = ADVANCED_FACE('',(#1666),#1677,.F.);
#1666 = FACE_BOUND('',#1667,.F.);
#1667 = EDGE_LOOP('',(#1668,#1674,#1675,#1676));
#1668 = ORIENTED_EDGE('',*,*,#1669,.T.);
#1669 = EDGE_CURVE('',#487,#1056,#1670,.T.);
#1670 = LINE('',#1671,#1672);
#1671 = CARTESIAN_POINT('',(12.09877119275,-110.8908330798,
    27.121577072452));
#1672 = VECTOR('',#1673,1.);
#1673 = DIRECTION('',(0.,1.,0.));
#1674 = ORIENTED_EDGE('',*,*,#1063,.T.);
#1675 = ORIENTED_EDGE('',*,*,#1652,.F.);
#1676 = ORIENTED_EDGE('',*,*,#494,.F.);
#1677 = PLANE('',#1678);
#1678 = AXIS2_PLACEMENT_3D('',#1679,#1680,#1681);
#1679 = CARTESIAN_POINT('',(12.09877119275,-110.8908330798,
    27.121577072452));
#1680 = DIRECTION('',(-0.983677691189,0.,-0.179939433857));
#1681 = DIRECTION('',(0.179939433857,0.,-0.983677691189));
#1682 = ADVANCED_FACE('',(#1683),#1694,.F.);
#1683 = FACE_BOUND('',#1684,.F.);
#1684 = EDGE_LOOP('',(#1685,#1691,#1692,#1693));
#1685 = ORIENTED_EDGE('',*,*,#1686,.T.);
#1686 = EDGE_CURVE('',#479,#1048,#1687,.T.);
#1687 = LINE('',#1688,#1689);
#1688 = CARTESIAN_POINT('',(11.49877119275,-110.8908330798,
    30.519968796085));
#1689 = VECTOR('',#1690,1.);
#1690 = DIRECTION('',(0.,1.,0.));
#1691 = ORIENTED_EDGE('',*,*,#1055,.T.);
#1692 = ORIENTED_EDGE('',*,*,#1669,.F.);
#1693 = ORIENTED_EDGE('',*,*,#486,.F.);
#1694 = PLANE('',#1695);
#1695 = AXIS2_PLACEMENT_3D('',#1696,#1697,#1698);
#1696 = CARTESIAN_POINT('',(11.49877119275,-110.8908330798,
    30.519968796085));
#1697 = DIRECTION('',(-0.984769480599,0.,-0.173865091611));
#1698 = DIRECTION('',(0.173865091611,0.,-0.984769480599));
#1699 = ADVANCED_FACE('',(#1700),#1711,.F.);
#1700 = FACE_BOUND('',#1701,.F.);
#1701 = EDGE_LOOP('',(#1702,#1708,#1709,#1710));
#1702 = ORIENTED_EDGE('',*,*,#1703,.T.);
#1703 = EDGE_CURVE('',#471,#1040,#1704,.T.);
#1704 = LINE('',#1705,#1706);
#1705 = CARTESIAN_POINT('',(10.89877119275,-110.8908330798,
    33.490382004093));
#1706 = VECTOR('',#1707,1.);
#1707 = DIRECTION('',(0.,1.,0.));
#1708 = ORIENTED_EDGE('',*,*,#1047,.T.);
#1709 = ORIENTED_EDGE('',*,*,#1686,.F.);
#1710 = ORIENTED_EDGE('',*,*,#478,.F.);
#1711 = PLANE('',#1712);
#1712 = AXIS2_PLACEMENT_3D('',#1713,#1714,#1715);
#1713 = CARTESIAN_POINT('',(10.89877119275,-110.8908330798,
    33.490382004093));
#1714 = DIRECTION('',(-0.980203366138,0.,-0.197993335775));
#1715 = DIRECTION('',(0.197993335775,0.,-0.980203366138));
#1716 = ADVANCED_FACE('',(#1717),#1728,.F.);
#1717 = FACE_BOUND('',#1718,.F.);
#1718 = EDGE_LOOP('',(#1719,#1725,#1726,#1727));
#1719 = ORIENTED_EDGE('',*,*,#1720,.T.);
#1720 = EDGE_CURVE('',#463,#1032,#1721,.T.);
#1721 = LINE('',#1722,#1723);
#1722 = CARTESIAN_POINT('',(10.29877119275,-110.8908330798,
    34.485453415226));
#1723 = VECTOR('',#1724,1.);
#1724 = DIRECTION('',(0.,1.,0.));
#1725 = ORIENTED_EDGE('',*,*,#1039,.T.);
#1726 = ORIENTED_EDGE('',*,*,#1703,.F.);
#1727 = ORIENTED_EDGE('',*,*,#470,.F.);
#1728 = PLANE('',#1729);
#1729 = AXIS2_PLACEMENT_3D('',#1730,#1731,#1732);
#1730 = CARTESIAN_POINT('',(10.29877119275,-110.8908330798,
    34.485453415226));
#1731 = DIRECTION('',(-0.856368109678,0.,-0.516365820642));
#1732 = DIRECTION('',(0.516365820642,0.,-0.856368109678));
#1733 = ADVANCED_FACE('',(#1734),#1745,.F.);
#1734 = FACE_BOUND('',#1735,.F.);
#1735 = EDGE_LOOP('',(#1736,#1742,#1743,#1744));
#1736 = ORIENTED_EDGE('',*,*,#1737,.T.);
#1737 = EDGE_CURVE('',#455,#1024,#1738,.T.);
#1738 = LINE('',#1739,#1740);
#1739 = CARTESIAN_POINT('',(9.69877119275,-110.8908330798,
    35.297617721867));
#1740 = VECTOR('',#1741,1.);
#1741 = DIRECTION('',(0.,1.,0.));
#1742 = ORIENTED_EDGE('',*,*,#1031,.T.);
#1743 = ORIENTED_EDGE('',*,*,#1720,.F.);
#1744 = ORIENTED_EDGE('',*,*,#462,.F.);
#1745 = PLANE('',#1746);
#1746 = AXIS2_PLACEMENT_3D('',#1747,#1748,#1749);
#1747 = CARTESIAN_POINT('',(9.69877119275,-110.8908330798,
    35.297617721867));
#1748 = DIRECTION('',(-0.80431593417,0.,-0.594201883235));
#1749 = DIRECTION('',(0.594201883235,0.,-0.80431593417));
#1750 = ADVANCED_FACE('',(#1751),#1762,.F.);
#1751 = FACE_BOUND('',#1752,.F.);
#1752 = EDGE_LOOP('',(#1753,#1759,#1760,#1761));
#1753 = ORIENTED_EDGE('',*,*,#1754,.T.);
#1754 = EDGE_CURVE('',#447,#1016,#1755,.T.);
#1755 = LINE('',#1756,#1757);
#1756 = CARTESIAN_POINT('',(9.09877119275,-110.8908330798,
    36.155863571476));
#1757 = VECTOR('',#1758,1.);
#1758 = DIRECTION('',(0.,1.,0.));
#1759 = ORIENTED_EDGE('',*,*,#1023,.T.);
#1760 = ORIENTED_EDGE('',*,*,#1737,.F.);
#1761 = ORIENTED_EDGE('',*,*,#454,.F.);
#1762 = PLANE('',#1763);
#1763 = AXIS2_PLACEMENT_3D('',#1764,#1765,#1766);
#1764 = CARTESIAN_POINT('',(9.09877119275,-110.8908330798,
    36.155863571476));
#1765 = DIRECTION('',(-0.819578157622,0.,-0.57296740182));
#1766 = DIRECTION('',(0.57296740182,0.,-0.819578157622));
#1767 = ADVANCED_FACE('',(#1768),#1779,.F.);
#1768 = FACE_BOUND('',#1769,.F.);
#1769 = EDGE_LOOP('',(#1770,#1776,#1777,#1778));
#1770 = ORIENTED_EDGE('',*,*,#1771,.T.);
#1771 = EDGE_CURVE('',#439,#1008,#1772,.T.);
#1772 = LINE('',#1773,#1774);
#1773 = CARTESIAN_POINT('',(8.49877119275,-110.8908330798,
    37.093958664249));
#1774 = VECTOR('',#1775,1.);
#1775 = DIRECTION('',(0.,1.,0.));
#1776 = ORIENTED_EDGE('',*,*,#1015,.T.);
#1777 = ORIENTED_EDGE('',*,*,#1754,.F.);
#1778 = ORIENTED_EDGE('',*,*,#446,.F.);
#1779 = PLANE('',#1780);
#1780 = AXIS2_PLACEMENT_3D('',#1781,#1782,#1783);
#1781 = CARTESIAN_POINT('',(8.49877119275,-110.8908330798,
    37.093958664249));
#1782 = DIRECTION('',(-0.842426652308,0.,-0.538811038752));
#1783 = DIRECTION('',(0.538811038752,0.,-0.842426652308));
#1784 = ADVANCED_FACE('',(#1785),#1796,.F.);
#1785 = FACE_BOUND('',#1786,.F.);
#1786 = EDGE_LOOP('',(#1787,#1793,#1794,#1795));
#1787 = ORIENTED_EDGE('',*,*,#1788,.T.);
#1788 = EDGE_CURVE('',#431,#1000,#1789,.T.);
#1789 = LINE('',#1790,#1791);
#1790 = CARTESIAN_POINT('',(7.89877119275,-110.8908330798,
    38.166514206242));
#1791 = VECTOR('',#1792,1.);
#1792 = DIRECTION('',(0.,1.,0.));
#1793 = ORIENTED_EDGE('',*,*,#1007,.T.);
#1794 = ORIENTED_EDGE('',*,*,#1771,.F.);
#1795 = ORIENTED_EDGE('',*,*,#438,.F.);
#1796 = PLANE('',#1797);
#1797 = AXIS2_PLACEMENT_3D('',#1798,#1799,#1800);
#1798 = CARTESIAN_POINT('',(7.89877119275,-110.8908330798,
    38.166514206242));
#1799 = DIRECTION('',(-0.872724847161,0.,-0.48821239348));
#1800 = DIRECTION('',(0.48821239348,0.,-0.872724847161));
#1801 = ADVANCED_FACE('',(#1802),#1813,.F.);
#1802 = FACE_BOUND('',#1803,.F.);
#1803 = EDGE_LOOP('',(#1804,#1810,#1811,#1812));
#1804 = ORIENTED_EDGE('',*,*,#1805,.T.);
#1805 = EDGE_CURVE('',#423,#992,#1806,.T.);
#1806 = LINE('',#1807,#1808);
#1807 = CARTESIAN_POINT('',(7.29877119275,-110.8908330798,40.09899406464
    ));
#1808 = VECTOR('',#1809,1.);
#1809 = DIRECTION('',(0.,1.,0.));
#1810 = ORIENTED_EDGE('',*,*,#999,.T.);
#1811 = ORIENTED_EDGE('',*,*,#1788,.F.);
#1812 = ORIENTED_EDGE('',*,*,#430,.F.);
#1813 = PLANE('',#1814);
#1814 = AXIS2_PLACEMENT_3D('',#1815,#1816,#1817);
#1815 = CARTESIAN_POINT('',(7.29877119275,-110.8908330798,40.09899406464
    ));
#1816 = DIRECTION('',(-0.955027074454,0.,-0.296518611659));
#1817 = DIRECTION('',(0.296518611659,0.,-0.955027074454));
#1818 = ADVANCED_FACE('',(#1819),#1830,.F.);
#1819 = FACE_BOUND('',#1820,.F.);
#1820 = EDGE_LOOP('',(#1821,#1827,#1828,#1829));
#1821 = ORIENTED_EDGE('',*,*,#1822,.T.);
#1822 = EDGE_CURVE('',#415,#984,#1823,.T.);
#1823 = LINE('',#1824,#1825);
#1824 = CARTESIAN_POINT('',(6.69877119275,-110.8908330798,
    41.393839645695));
#1825 = VECTOR('',#1826,1.);
#1826 = DIRECTION('',(0.,1.,0.));
#1827 = ORIENTED_EDGE('',*,*,#991,.T.);
#1828 = ORIENTED_EDGE('',*,*,#1805,.F.);
#1829 = ORIENTED_EDGE('',*,*,#422,.F.);
#1830 = PLANE('',#1831);
#1831 = AXIS2_PLACEMENT_3D('',#1832,#1833,#1834);
#1832 = CARTESIAN_POINT('',(6.69877119275,-110.8908330798,
    41.393839645695));
#1833 = DIRECTION('',(-0.907324076486,0.,-0.420431944825));
#1834 = DIRECTION('',(0.420431944825,0.,-0.907324076486));
#1835 = ADVANCED_FACE('',(#1836),#1847,.F.);
#1836 = FACE_BOUND('',#1837,.F.);
#1837 = EDGE_LOOP('',(#1838,#1844,#1845,#1846));
#1838 = ORIENTED_EDGE('',*,*,#1839,.T.);
#1839 = EDGE_CURVE('',#407,#976,#1840,.T.);
#1840 = LINE('',#1841,#1842);
#1841 = CARTESIAN_POINT('',(6.09877119275,-110.8908330798,
    42.991663742374));
#1842 = VECTOR('',#1843,1.);
#1843 = DIRECTION('',(0.,1.,0.));
#1844 = ORIENTED_EDGE('',*,*,#983,.T.);
#1845 = ORIENTED_EDGE('',*,*,#1822,.F.);
#1846 = ORIENTED_EDGE('',*,*,#414,.F.);
#1847 = PLANE('',#1848);
#1848 = AXIS2_PLACEMENT_3D('',#1849,#1850,#1851);
#1849 = CARTESIAN_POINT('',(6.09877119275,-110.8908330798,
    42.991663742374));
#1850 = DIRECTION('',(-0.936171907885,0.,-0.351542542072));
#1851 = DIRECTION('',(0.351542542072,0.,-0.936171907885));
#1852 = ADVANCED_FACE('',(#1853),#1864,.F.);
#1853 = FACE_BOUND('',#1854,.F.);
#1854 = EDGE_LOOP('',(#1855,#1861,#1862,#1863));
#1855 = ORIENTED_EDGE('',*,*,#1856,.T.);
#1856 = EDGE_CURVE('',#399,#968,#1857,.T.);
#1857 = LINE('',#1858,#1859);
#1858 = CARTESIAN_POINT('',(5.49877119275,-110.8908330798,44.07148246796
    ));
#1859 = VECTOR('',#1860,1.);
#1860 = DIRECTION('',(0.,1.,0.));
#1861 = ORIENTED_EDGE('',*,*,#975,.T.);
#1862 = ORIENTED_EDGE('',*,*,#1839,.F.);
#1863 = ORIENTED_EDGE('',*,*,#406,.F.);
#1864 = PLANE('',#1865);
#1865 = AXIS2_PLACEMENT_3D('',#1866,#1867,#1868);
#1866 = CARTESIAN_POINT('',(5.49877119275,-110.8908330798,44.07148246796
    ));
#1867 = DIRECTION('',(-0.874122664652,0.,-0.485705226594));
#1868 = DIRECTION('',(0.485705226594,0.,-0.874122664652));
#1869 = ADVANCED_FACE('',(#1870),#1881,.F.);
#1870 = FACE_BOUND('',#1871,.F.);
#1871 = EDGE_LOOP('',(#1872,#1878,#1879,#1880));
#1872 = ORIENTED_EDGE('',*,*,#1873,.T.);
#1873 = EDGE_CURVE('',#391,#960,#1874,.T.);
#1874 = LINE('',#1875,#1876);
#1875 = CARTESIAN_POINT('',(4.89877119275,-110.8908330798,
    44.315272140812));
#1876 = VECTOR('',#1877,1.);
#1877 = DIRECTION('',(0.,1.,0.));
#1878 = ORIENTED_EDGE('',*,*,#967,.T.);
#1879 = ORIENTED_EDGE('',*,*,#1856,.F.);
#1880 = ORIENTED_EDGE('',*,*,#398,.F.);
#1881 = PLANE('',#1882);
#1882 = AXIS2_PLACEMENT_3D('',#1883,#1884,#1885);
#1883 = CARTESIAN_POINT('',(4.89877119275,-110.8908330798,
    44.315272140812));
#1884 = DIRECTION('',(-0.376429626452,0.,-0.926445214964));
#1885 = DIRECTION('',(0.926445214964,0.,-0.376429626452));
#1886 = ADVANCED_FACE('',(#1887),#1898,.F.);
#1887 = FACE_BOUND('',#1888,.F.);
#1888 = EDGE_LOOP('',(#1889,#1895,#1896,#1897));
#1889 = ORIENTED_EDGE('',*,*,#1890,.T.);
#1890 = EDGE_CURVE('',#383,#952,#1891,.T.);
#1891 = LINE('',#1892,#1893);
#1892 = CARTESIAN_POINT('',(4.29877119275,-110.8908330798,
    44.233073044132));
#1893 = VECTOR('',#1894,1.);
#1894 = DIRECTION('',(0.,1.,0.));
#1895 = ORIENTED_EDGE('',*,*,#959,.T.);
#1896 = ORIENTED_EDGE('',*,*,#1873,.F.);
#1897 = ORIENTED_EDGE('',*,*,#390,.F.);
#1898 = PLANE('',#1899);
#1899 = AXIS2_PLACEMENT_3D('',#1900,#1901,#1902);
#1900 = CARTESIAN_POINT('',(4.29877119275,-110.8908330798,
    44.233073044132));
#1901 = DIRECTION('',(0.135730679027,0.,-0.990745771008));
#1902 = DIRECTION('',(0.990745771008,0.,0.135730679027));
#1903 = ADVANCED_FACE('',(#1904),#1915,.F.);
#1904 = FACE_BOUND('',#1905,.F.);
#1905 = EDGE_LOOP('',(#1906,#1912,#1913,#1914));
#1906 = ORIENTED_EDGE('',*,*,#1907,.T.);
#1907 = EDGE_CURVE('',#375,#944,#1908,.T.);
#1908 = LINE('',#1909,#1910);
#1909 = CARTESIAN_POINT('',(3.69877119275,-110.8908330798,
    44.303767013859));
#1910 = VECTOR('',#1911,1.);
#1911 = DIRECTION('',(0.,1.,0.));
#1912 = ORIENTED_EDGE('',*,*,#951,.T.);
#1913 = ORIENTED_EDGE('',*,*,#1890,.F.);
#1914 = ORIENTED_EDGE('',*,*,#382,.F.);
#1915 = PLANE('',#1916);
#1916 = AXIS2_PLACEMENT_3D('',#1917,#1918,#1919);
#1917 = CARTESIAN_POINT('',(3.69877119275,-110.8908330798,
    44.303767013859));
#1918 = DIRECTION('',(-0.117013869985,0.,-0.993130280593));
#1919 = DIRECTION('',(0.993130280593,0.,-0.117013869985));
#1920 = ADVANCED_FACE('',(#1921),#1932,.F.);
#1921 = FACE_BOUND('',#1922,.F.);
#1922 = EDGE_LOOP('',(#1923,#1929,#1930,#1931));
#1923 = ORIENTED_EDGE('',*,*,#1924,.T.);
#1924 = EDGE_CURVE('',#367,#936,#1925,.T.);
#1925 = LINE('',#1926,#1927);
#1926 = CARTESIAN_POINT('',(3.09877119275,-110.8908330798,44.27216606171
    ));
#1927 = VECTOR('',#1928,1.);
#1928 = DIRECTION('',(0.,1.,0.));
#1929 = ORIENTED_EDGE('',*,*,#943,.T.);
#1930 = ORIENTED_EDGE('',*,*,#1907,.F.);
#1931 = ORIENTED_EDGE('',*,*,#374,.F.);
#1932 = PLANE('',#1933);
#1933 = AXIS2_PLACEMENT_3D('',#1934,#1935,#1936);
#1934 = CARTESIAN_POINT('',(3.09877119275,-110.8908330798,44.27216606171
    ));
#1935 = DIRECTION('',(5.259535578893E-02,0.,-0.998615906417));
#1936 = DIRECTION('',(0.998615906417,0.,5.259535578893E-02));
#1937 = ADVANCED_FACE('',(#1938),#1949,.F.);
#1938 = FACE_BOUND('',#1939,.F.);
#1939 = EDGE_LOOP('',(#1940,#1946,#1947,#1948));
#1940 = ORIENTED_EDGE('',*,*,#1941,.T.);
#1941 = EDGE_CURVE('',#359,#928,#1942,.T.);
#1942 = LINE('',#1943,#1944);
#1943 = CARTESIAN_POINT('',(2.49877119275,-110.8908330798,
    44.196696091007));
#1944 = VECTOR('',#1945,1.);
#1945 = DIRECTION('',(0.,1.,0.));
#1946 = ORIENTED_EDGE('',*,*,#935,.T.);
#1947 = ORIENTED_EDGE('',*,*,#1924,.F.);
#1948 = ORIENTED_EDGE('',*,*,#366,.F.);
#1949 = PLANE('',#1950);
#1950 = AXIS2_PLACEMENT_3D('',#1951,#1952,#1953);
#1951 = CARTESIAN_POINT('',(2.49877119275,-110.8908330798,
    44.196696091007));
#1952 = DIRECTION('',(0.124799902122,0.,-0.992181931115));
#1953 = DIRECTION('',(0.992181931115,0.,0.124799902122));
#1954 = ADVANCED_FACE('',(#1955),#1966,.F.);
#1955 = FACE_BOUND('',#1956,.F.);
#1956 = EDGE_LOOP('',(#1957,#1963,#1964,#1965));
#1957 = ORIENTED_EDGE('',*,*,#1958,.T.);
#1958 = EDGE_CURVE('',#351,#920,#1959,.T.);
#1959 = LINE('',#1960,#1961);
#1960 = CARTESIAN_POINT('',(1.89877119275,-110.8908330798,
    44.186121750187));
#1961 = VECTOR('',#1962,1.);
#1962 = DIRECTION('',(0.,1.,0.));
#1963 = ORIENTED_EDGE('',*,*,#927,.T.);
#1964 = ORIENTED_EDGE('',*,*,#1941,.F.);
#1965 = ORIENTED_EDGE('',*,*,#358,.F.);
#1966 = PLANE('',#1967);
#1967 = AXIS2_PLACEMENT_3D('',#1968,#1969,#1970);
#1968 = CARTESIAN_POINT('',(1.89877119275,-110.8908330798,
    44.186121750187));
#1969 = DIRECTION('',(1.762116499599E-02,0.,-0.999844735219));
#1970 = DIRECTION('',(0.999844735219,0.,1.762116499599E-02));
#1971 = ADVANCED_FACE('',(#1972),#1983,.F.);
#1972 = FACE_BOUND('',#1973,.F.);
#1973 = EDGE_LOOP('',(#1974,#1980,#1981,#1982));
#1974 = ORIENTED_EDGE('',*,*,#1975,.T.);
#1975 = EDGE_CURVE('',#343,#912,#1976,.T.);
#1976 = LINE('',#1977,#1978);
#1977 = CARTESIAN_POINT('',(1.29877119275,-110.8908330798,
    44.284189987492));
#1978 = VECTOR('',#1979,1.);
#1979 = DIRECTION('',(0.,1.,0.));
#1980 = ORIENTED_EDGE('',*,*,#919,.T.);
#1981 = ORIENTED_EDGE('',*,*,#1958,.F.);
#1982 = ORIENTED_EDGE('',*,*,#350,.F.);
#1983 = PLANE('',#1984);
#1984 = AXIS2_PLACEMENT_3D('',#1985,#1986,#1987);
#1985 = CARTESIAN_POINT('',(1.29877119275,-110.8908330798,
    44.284189987492));
#1986 = DIRECTION('',(-0.161306614991,0.,-0.986904339822));
#1987 = DIRECTION('',(0.986904339822,0.,-0.161306614991));
#1988 = ADVANCED_FACE('',(#1989),#2000,.F.);
#1989 = FACE_BOUND('',#1990,.F.);
#1990 = EDGE_LOOP('',(#1991,#1997,#1998,#1999));
#1991 = ORIENTED_EDGE('',*,*,#1992,.T.);
#1992 = EDGE_CURVE('',#335,#904,#1993,.T.);
#1993 = LINE('',#1994,#1995);
#1994 = CARTESIAN_POINT('',(0.69877119275,-110.8908330798,
    44.009867477726));
#1995 = VECTOR('',#1996,1.);
#1996 = DIRECTION('',(0.,1.,0.));
#1997 = ORIENTED_EDGE('',*,*,#911,.T.);
#1998 = ORIENTED_EDGE('',*,*,#1975,.F.);
#1999 = ORIENTED_EDGE('',*,*,#342,.F.);
#2000 = PLANE('',#2001);
#2001 = AXIS2_PLACEMENT_3D('',#2002,#2003,#2004);
#2002 = CARTESIAN_POINT('',(0.69877119275,-110.8908330798,
    44.009867477726));
#2003 = DIRECTION('',(0.415805891989,0.,-0.909453385384));
#2004 = DIRECTION('',(0.909453385384,0.,0.415805891989));
#2005 = ADVANCED_FACE('',(#2006),#2017,.F.);
#2006 = FACE_BOUND('',#2007,.F.);
#2007 = EDGE_LOOP('',(#2008,#2014,#2015,#2016));
#2008 = ORIENTED_EDGE('',*,*,#2009,.T.);
#2009 = EDGE_CURVE('',#327,#896,#2010,.T.);
#2010 = LINE('',#2011,#2012);
#2011 = CARTESIAN_POINT('',(9.877119275041E-02,-110.8908330798,
    43.819773483585));
#2012 = VECTOR('',#2013,1.);
#2013 = DIRECTION('',(0.,1.,0.));
#2014 = ORIENTED_EDGE('',*,*,#903,.T.);
#2015 = ORIENTED_EDGE('',*,*,#1992,.F.);
#2016 = ORIENTED_EDGE('',*,*,#334,.F.);
#2017 = PLANE('',#2018);
#2018 = AXIS2_PLACEMENT_3D('',#2019,#2020,#2021);
#2019 = CARTESIAN_POINT('',(9.877119275041E-02,-110.8908330798,
    43.819773483585));
#2020 = DIRECTION('',(0.302027431817,0.,-0.953299234464));
#2021 = DIRECTION('',(0.953299234464,0.,0.302027431817));
#2022 = ADVANCED_FACE('',(#2023),#2034,.F.);
#2023 = FACE_BOUND('',#2024,.F.);
#2024 = EDGE_LOOP('',(#2025,#2031,#2032,#2033));
#2025 = ORIENTED_EDGE('',*,*,#2026,.T.);
#2026 = EDGE_CURVE('',#319,#888,#2027,.T.);
#2027 = LINE('',#2028,#2029);
#2028 = CARTESIAN_POINT('',(-0.50122880725,-110.8908330798,
    43.631617355656));
#2029 = VECTOR('',#2030,1.);
#2030 = DIRECTION('',(0.,1.,0.));
#2031 = ORIENTED_EDGE('',*,*,#895,.T.);
#2032 = ORIENTED_EDGE('',*,*,#2009,.F.);
#2033 = ORIENTED_EDGE('',*,*,#326,.F.);
#2034 = PLANE('',#2035);
#2035 = AXIS2_PLACEMENT_3D('',#2036,#2037,#2038);
#2036 = CARTESIAN_POINT('',(-0.50122880725,-110.8908330798,
    43.631617355656));
#2037 = DIRECTION('',(0.29922545512,0.,-0.954182439059));
#2038 = DIRECTION('',(0.954182439059,0.,0.29922545512));
#2039 = ADVANCED_FACE('',(#2040),#2051,.F.);
#2040 = FACE_BOUND('',#2041,.F.);
#2041 = EDGE_LOOP('',(#2042,#2048,#2049,#2050));
#2042 = ORIENTED_EDGE('',*,*,#2043,.T.);
#2043 = EDGE_CURVE('',#311,#880,#2044,.T.);
#2044 = LINE('',#2045,#2046);
#2045 = CARTESIAN_POINT('',(-1.10122880725,-110.8908330798,
    43.829798507999));
#2046 = VECTOR('',#2047,1.);
#2047 = DIRECTION('',(0.,1.,0.));
#2048 = ORIENTED_EDGE('',*,*,#887,.T.);
#2049 = ORIENTED_EDGE('',*,*,#2026,.F.);
#2050 = ORIENTED_EDGE('',*,*,#318,.F.);
#2051 = PLANE('',#2052);
#2052 = AXIS2_PLACEMENT_3D('',#2053,#2054,#2055);
#2053 = CARTESIAN_POINT('',(-1.10122880725,-110.8908330798,
    43.829798507999));
#2054 = DIRECTION('',(-0.313635975061,0.,-0.949543298195));
#2055 = DIRECTION('',(0.949543298195,0.,-0.313635975061));
#2056 = ADVANCED_FACE('',(#2057),#2068,.F.);
#2057 = FACE_BOUND('',#2058,.F.);
#2058 = EDGE_LOOP('',(#2059,#2065,#2066,#2067));
#2059 = ORIENTED_EDGE('',*,*,#2060,.T.);
#2060 = EDGE_CURVE('',#303,#872,#2061,.T.);
#2061 = LINE('',#2062,#2063);
#2062 = CARTESIAN_POINT('',(-1.70122880725,-110.8908330798,
    43.837916183781));
#2063 = VECTOR('',#2064,1.);
#2064 = DIRECTION('',(0.,1.,0.));
#2065 = ORIENTED_EDGE('',*,*,#879,.T.);
#2066 = ORIENTED_EDGE('',*,*,#2043,.F.);
#2067 = ORIENTED_EDGE('',*,*,#310,.F.);
#2068 = PLANE('',#2069);
#2069 = AXIS2_PLACEMENT_3D('',#2070,#2071,#2072);
#2070 = CARTESIAN_POINT('',(-1.70122880725,-110.8908330798,
    43.837916183781));
#2071 = DIRECTION('',(-1.352822154677E-02,0.,-0.999908489424));
#2072 = DIRECTION('',(0.999908489424,0.,-1.352822154677E-02));
#2073 = ADVANCED_FACE('',(#2074),#2085,.F.);
#2074 = FACE_BOUND('',#2075,.F.);
#2075 = EDGE_LOOP('',(#2076,#2082,#2083,#2084));
#2076 = ORIENTED_EDGE('',*,*,#2077,.T.);
#2077 = EDGE_CURVE('',#295,#864,#2078,.T.);
#2078 = LINE('',#2079,#2080);
#2079 = CARTESIAN_POINT('',(-2.30122880725,-110.8908330798,
    43.854975509952));
#2080 = VECTOR('',#2081,1.);
#2081 = DIRECTION('',(0.,1.,0.));
#2082 = ORIENTED_EDGE('',*,*,#871,.T.);
#2083 = ORIENTED_EDGE('',*,*,#2060,.F.);
#2084 = ORIENTED_EDGE('',*,*,#302,.F.);
#2085 = PLANE('',#2086);
#2086 = AXIS2_PLACEMENT_3D('',#2087,#2088,#2089);
#2087 = CARTESIAN_POINT('',(-2.30122880725,-110.8908330798,
    43.854975509952));
#2088 = DIRECTION('',(-2.842072508388E-02,0.,-0.999596049605));
#2089 = DIRECTION('',(0.999596049605,0.,-2.842072508388E-02));
#2090 = ADVANCED_FACE('',(#2091),#2102,.F.);
#2091 = FACE_BOUND('',#2092,.F.);
#2092 = EDGE_LOOP('',(#2093,#2099,#2100,#2101));
#2093 = ORIENTED_EDGE('',*,*,#2094,.T.);
#2094 = EDGE_CURVE('',#287,#856,#2095,.T.);
#2095 = LINE('',#2096,#2097);
#2096 = CARTESIAN_POINT('',(-2.90122880725,-110.8908330798,
    44.079417038273));
#2097 = VECTOR('',#2098,1.);
#2098 = DIRECTION('',(0.,1.,0.));
#2099 = ORIENTED_EDGE('',*,*,#863,.T.);
#2100 = ORIENTED_EDGE('',*,*,#2077,.F.);
#2101 = ORIENTED_EDGE('',*,*,#294,.F.);
#2102 = PLANE('',#2103);
#2103 = AXIS2_PLACEMENT_3D('',#2104,#2105,#2106);
#2104 = CARTESIAN_POINT('',(-2.90122880725,-110.8908330798,
    44.079417038273));
#2105 = DIRECTION('',(-0.350359016706,0.,-0.936615481087));
#2106 = DIRECTION('',(0.936615481087,0.,-0.350359016706));
#2107 = ADVANCED_FACE('',(#2108),#2119,.F.);
#2108 = FACE_BOUND('',#2109,.F.);
#2109 = EDGE_LOOP('',(#2110,#2116,#2117,#2118));
#2110 = ORIENTED_EDGE('',*,*,#2111,.T.);
#2111 = EDGE_CURVE('',#279,#848,#2112,.T.);
#2112 = LINE('',#2113,#2114);
#2113 = CARTESIAN_POINT('',(-3.50122880725,-110.8908330798,
    44.278132248234));
#2114 = VECTOR('',#2115,1.);
#2115 = DIRECTION('',(0.,1.,0.));
#2116 = ORIENTED_EDGE('',*,*,#855,.T.);
#2117 = ORIENTED_EDGE('',*,*,#2094,.F.);
#2118 = ORIENTED_EDGE('',*,*,#286,.F.);
#2119 = PLANE('',#2120);
#2120 = AXIS2_PLACEMENT_3D('',#2121,#2122,#2123);
#2121 = CARTESIAN_POINT('',(-3.50122880725,-110.8908330798,
    44.278132248234));
#2122 = DIRECTION('',(-0.314397717908,0.,-0.949291354103));
#2123 = DIRECTION('',(0.949291354103,0.,-0.314397717908));
#2124 = ADVANCED_FACE('',(#2125),#2136,.F.);
#2125 = FACE_BOUND('',#2126,.F.);
#2126 = EDGE_LOOP('',(#2127,#2133,#2134,#2135));
#2127 = ORIENTED_EDGE('',*,*,#2128,.T.);
#2128 = EDGE_CURVE('',#271,#840,#2129,.T.);
#2129 = LINE('',#2130,#2131);
#2130 = CARTESIAN_POINT('',(-4.10122880725,-110.8908330798,
    44.240931320499));
#2131 = VECTOR('',#2132,1.);
#2132 = DIRECTION('',(0.,1.,0.));
#2133 = ORIENTED_EDGE('',*,*,#847,.T.);
#2134 = ORIENTED_EDGE('',*,*,#2111,.F.);
#2135 = ORIENTED_EDGE('',*,*,#278,.F.);
#2136 = PLANE('',#2137);
#2137 = AXIS2_PLACEMENT_3D('',#2138,#2139,#2140);
#2138 = CARTESIAN_POINT('',(-4.10122880725,-110.8908330798,
    44.240931320499));
#2139 = DIRECTION('',(6.188271580385E-02,0.,-0.998083428118));
#2140 = DIRECTION('',(0.998083428118,0.,6.188271580385E-02));
#2141 = ADVANCED_FACE('',(#2142),#2153,.F.);
#2142 = FACE_BOUND('',#2143,.F.);
#2143 = EDGE_LOOP('',(#2144,#2150,#2151,#2152));
#2144 = ORIENTED_EDGE('',*,*,#2145,.T.);
#2145 = EDGE_CURVE('',#263,#832,#2146,.T.);
#2146 = LINE('',#2147,#2148);
#2147 = CARTESIAN_POINT('',(-4.70122880725,-110.8908330798,
    44.137202072452));
#2148 = VECTOR('',#2149,1.);
#2149 = DIRECTION('',(0.,1.,0.));
#2150 = ORIENTED_EDGE('',*,*,#839,.T.);
#2151 = ORIENTED_EDGE('',*,*,#2128,.F.);
#2152 = ORIENTED_EDGE('',*,*,#270,.F.);
#2153 = PLANE('',#2154);
#2154 = AXIS2_PLACEMENT_3D('',#2155,#2156,#2157);
#2155 = CARTESIAN_POINT('',(-4.70122880725,-110.8908330798,
    44.137202072452));
#2156 = DIRECTION('',(0.170355019777,0.,-0.985382751644));
#2157 = DIRECTION('',(0.985382751644,0.,0.170355019777));
#2158 = ADVANCED_FACE('',(#2159),#2170,.F.);
#2159 = FACE_BOUND('',#2160,.F.);
#2160 = EDGE_LOOP('',(#2161,#2167,#2168,#2169));
#2161 = ORIENTED_EDGE('',*,*,#2162,.T.);
#2162 = EDGE_CURVE('',#255,#824,#2163,.T.);
#2163 = LINE('',#2164,#2165);
#2164 = CARTESIAN_POINT('',(-5.30122880725,-110.8908330798,
    44.257319259952));
#2165 = VECTOR('',#2166,1.);
#2166 = DIRECTION('',(0.,1.,0.));
#2167 = ORIENTED_EDGE('',*,*,#831,.T.);
#2168 = ORIENTED_EDGE('',*,*,#2145,.F.);
#2169 = ORIENTED_EDGE('',*,*,#262,.F.);
#2170 = PLANE('',#2171);
#2171 = AXIS2_PLACEMENT_3D('',#2172,#2173,#2174);
#2172 = CARTESIAN_POINT('',(-5.30122880725,-110.8908330798,
    44.257319259952));
#2173 = DIRECTION('',(-0.196300278283,0.,-0.98054382908));
#2174 = DIRECTION('',(0.98054382908,0.,-0.196300278283));
#2175 = ADVANCED_FACE('',(#2176),#2187,.F.);
#2176 = FACE_BOUND('',#2177,.F.);
#2177 = EDGE_LOOP('',(#2178,#2184,#2185,#2186));
#2178 = ORIENTED_EDGE('',*,*,#2179,.T.);
#2179 = EDGE_CURVE('',#247,#816,#2180,.T.);
#2180 = LINE('',#2181,#2182);
#2181 = CARTESIAN_POINT('',(-5.90122880725,-110.8908330798,
    44.179957199406));
#2182 = VECTOR('',#2183,1.);
#2183 = DIRECTION('',(0.,1.,0.));
#2184 = ORIENTED_EDGE('',*,*,#823,.T.);
#2185 = ORIENTED_EDGE('',*,*,#2162,.F.);
#2186 = ORIENTED_EDGE('',*,*,#254,.F.);
#2187 = PLANE('',#2188);
#2188 = AXIS2_PLACEMENT_3D('',#2189,#2190,#2191);
#2189 = CARTESIAN_POINT('',(-5.90122880725,-110.8908330798,
    44.179957199406));
#2190 = DIRECTION('',(0.127878181544,0.,-0.991789882326));
#2191 = DIRECTION('',(0.991789882326,0.,0.127878181544));
#2192 = ADVANCED_FACE('',(#2193),#2204,.F.);
#2193 = FACE_BOUND('',#2194,.F.);
#2194 = EDGE_LOOP('',(#2195,#2201,#2202,#2203));
#2195 = ORIENTED_EDGE('',*,*,#2196,.T.);
#2196 = EDGE_CURVE('',#239,#808,#2197,.T.);
#2197 = LINE('',#2198,#2199);
#2198 = CARTESIAN_POINT('',(-6.50122880725,-110.8908330798,
    44.251200485538));
#2199 = VECTOR('',#2200,1.);
#2200 = DIRECTION('',(0.,1.,0.));
#2201 = ORIENTED_EDGE('',*,*,#815,.T.);
#2202 = ORIENTED_EDGE('',*,*,#2179,.F.);
#2203 = ORIENTED_EDGE('',*,*,#246,.F.);
#2204 = PLANE('',#2205);
#2205 = AXIS2_PLACEMENT_3D('',#2206,#2207,#2208);
#2206 = CARTESIAN_POINT('',(-6.50122880725,-110.8908330798,
    44.251200485538));
#2207 = DIRECTION('',(-0.117910514939,0.,-0.993024224512));
#2208 = DIRECTION('',(0.993024224512,0.,-0.117910514939));
#2209 = ADVANCED_FACE('',(#2210),#2221,.F.);
#2210 = FACE_BOUND('',#2211,.F.);
#2211 = EDGE_LOOP('',(#2212,#2218,#2219,#2220));
#2212 = ORIENTED_EDGE('',*,*,#2213,.T.);
#2213 = EDGE_CURVE('',#231,#800,#2214,.T.);
#2214 = LINE('',#2215,#2216);
#2215 = CARTESIAN_POINT('',(-7.10122880725,-110.8908330798,
    44.204188156437));
#2216 = VECTOR('',#2217,1.);
#2217 = DIRECTION('',(0.,1.,0.));
#2218 = ORIENTED_EDGE('',*,*,#807,.T.);
#2219 = ORIENTED_EDGE('',*,*,#2196,.F.);
#2220 = ORIENTED_EDGE('',*,*,#238,.F.);
#2221 = PLANE('',#2222);
#2222 = AXIS2_PLACEMENT_3D('',#2223,#2224,#2225);
#2223 = CARTESIAN_POINT('',(-7.10122880725,-110.8908330798,
    44.204188156437));
#2224 = DIRECTION('',(7.811446347507E-02,0.,-0.996944396943));
#2225 = DIRECTION('',(0.996944396943,0.,7.811446347507E-02));
#2226 = ADVANCED_FACE('',(#2227),#2238,.F.);
#2227 = FACE_BOUND('',#2228,.F.);
#2228 = EDGE_LOOP('',(#2229,#2235,#2236,#2237));
#2229 = ORIENTED_EDGE('',*,*,#2230,.T.);
#2230 = EDGE_CURVE('',#223,#792,#2231,.T.);
#2231 = LINE('',#2232,#2233);
#2232 = CARTESIAN_POINT('',(-7.70122880725,-110.8908330798,
    43.784693527531));
#2233 = VECTOR('',#2234,1.);
#2234 = DIRECTION('',(0.,1.,0.));
#2235 = ORIENTED_EDGE('',*,*,#799,.T.);
#2236 = ORIENTED_EDGE('',*,*,#2213,.F.);
#2237 = ORIENTED_EDGE('',*,*,#230,.F.);
#2238 = PLANE('',#2239);
#2239 = AXIS2_PLACEMENT_3D('',#2240,#2241,#2242);
#2240 = CARTESIAN_POINT('',(-7.70122880725,-110.8908330798,
    43.784693527531));
#2241 = DIRECTION('',(0.57299896412,0.,-0.819556091501));
#2242 = DIRECTION('',(0.819556091501,0.,0.57299896412));
#2243 = ADVANCED_FACE('',(#2244),#2255,.F.);
#2244 = FACE_BOUND('',#2245,.F.);
#2245 = EDGE_LOOP('',(#2246,#2252,#2253,#2254));
#2246 = ORIENTED_EDGE('',*,*,#2247,.T.);
#2247 = EDGE_CURVE('',#215,#784,#2248,.T.);
#2248 = LINE('',#2249,#2250);
#2249 = CARTESIAN_POINT('',(-8.30122880725,-110.8908330798,
    43.002695846867));
#2250 = VECTOR('',#2251,1.);
#2251 = DIRECTION('',(0.,1.,0.));
#2252 = ORIENTED_EDGE('',*,*,#791,.T.);
#2253 = ORIENTED_EDGE('',*,*,#2230,.F.);
#2254 = ORIENTED_EDGE('',*,*,#222,.F.);
#2255 = PLANE('',#2256);
#2256 = AXIS2_PLACEMENT_3D('',#2257,#2258,#2259);
#2257 = CARTESIAN_POINT('',(-8.30122880725,-110.8908330798,
    43.002695846867));
#2258 = DIRECTION('',(0.793376822461,0.,-0.608730825227));
#2259 = DIRECTION('',(0.608730825227,0.,0.793376822461));
#2260 = ADVANCED_FACE('',(#2261),#2272,.F.);
#2261 = FACE_BOUND('',#2262,.F.);
#2262 = EDGE_LOOP('',(#2263,#2269,#2270,#2271));
#2263 = ORIENTED_EDGE('',*,*,#2264,.T.);
#2264 = EDGE_CURVE('',#207,#776,#2265,.T.);
#2265 = LINE('',#2266,#2267);
#2266 = CARTESIAN_POINT('',(-8.90122880725,-110.8908330798,
    41.215327072452));
#2267 = VECTOR('',#2268,1.);
#2268 = DIRECTION('',(0.,1.,0.));
#2269 = ORIENTED_EDGE('',*,*,#783,.T.);
#2270 = ORIENTED_EDGE('',*,*,#2247,.F.);
#2271 = ORIENTED_EDGE('',*,*,#214,.F.);
#2272 = PLANE('',#2273);
#2273 = AXIS2_PLACEMENT_3D('',#2274,#2275,#2276);
#2274 = CARTESIAN_POINT('',(-8.90122880725,-110.8908330798,
    41.215327072452));
#2275 = DIRECTION('',(0.948011215307,0.,-0.318236917488));
#2276 = DIRECTION('',(0.318236917488,0.,0.948011215307));
#2277 = ADVANCED_FACE('',(#2278),#2289,.F.);
#2278 = FACE_BOUND('',#2279,.F.);
#2279 = EDGE_LOOP('',(#2280,#2286,#2287,#2288));
#2280 = ORIENTED_EDGE('',*,*,#2281,.T.);
#2281 = EDGE_CURVE('',#199,#768,#2282,.T.);
#2282 = LINE('',#2283,#2284);
#2283 = CARTESIAN_POINT('',(-9.50122880725,-110.8908330798,
    39.639414596867));
#2284 = VECTOR('',#2285,1.);
#2285 = DIRECTION('',(0.,1.,0.));
#2286 = ORIENTED_EDGE('',*,*,#775,.T.);
#2287 = ORIENTED_EDGE('',*,*,#2264,.F.);
#2288 = ORIENTED_EDGE('',*,*,#206,.F.);
#2289 = PLANE('',#2290);
#2290 = AXIS2_PLACEMENT_3D('',#2291,#2292,#2293);
#2291 = CARTESIAN_POINT('',(-9.50122880725,-110.8908330798,
    39.639414596867));
#2292 = DIRECTION('',(0.934556295339,0.,-0.355815304397));
#2293 = DIRECTION('',(0.355815304397,0.,0.934556295339));
#2294 = ADVANCED_FACE('',(#2295),#2306,.F.);
#2295 = FACE_BOUND('',#2296,.F.);
#2296 = EDGE_LOOP('',(#2297,#2303,#2304,#2305));
#2297 = ORIENTED_EDGE('',*,*,#2298,.T.);
#2298 = EDGE_CURVE('',#191,#760,#2299,.T.);
#2299 = LINE('',#2300,#2301);
#2300 = CARTESIAN_POINT('',(-10.10122880725,-110.8908330798,
    37.948160934757));
#2301 = VECTOR('',#2302,1.);
#2302 = DIRECTION('',(0.,1.,0.));
#2303 = ORIENTED_EDGE('',*,*,#767,.T.);
#2304 = ORIENTED_EDGE('',*,*,#2281,.F.);
#2305 = ORIENTED_EDGE('',*,*,#198,.F.);
#2306 = PLANE('',#2307);
#2307 = AXIS2_PLACEMENT_3D('',#2308,#2309,#2310);
#2308 = CARTESIAN_POINT('',(-10.10122880725,-110.8908330798,
    37.948160934757));
#2309 = DIRECTION('',(0.94244921622,0.,-0.334349330559));
#2310 = DIRECTION('',(0.334349330559,0.,0.94244921622));
#2311 = ADVANCED_FACE('',(#2312),#2323,.F.);
#2312 = FACE_BOUND('',#2313,.F.);
#2313 = EDGE_LOOP('',(#2314,#2320,#2321,#2322));
#2314 = ORIENTED_EDGE('',*,*,#2315,.T.);
#2315 = EDGE_CURVE('',#183,#752,#2316,.T.);
#2316 = LINE('',#2317,#2318);
#2317 = CARTESIAN_POINT('',(-10.70122880725,-110.8908330798,
    36.756129074406));
#2318 = VECTOR('',#2319,1.);
#2319 = DIRECTION('',(0.,1.,0.));
#2320 = ORIENTED_EDGE('',*,*,#759,.T.);
#2321 = ORIENTED_EDGE('',*,*,#2298,.F.);
#2322 = ORIENTED_EDGE('',*,*,#190,.F.);
#2323 = PLANE('',#2324);
#2324 = AXIS2_PLACEMENT_3D('',#2325,#2326,#2327);
#2325 = CARTESIAN_POINT('',(-10.70122880725,-110.8908330798,
    36.756129074406));
#2326 = DIRECTION('',(0.893229842946,0.,-0.449600319919));
#2327 = DIRECTION('',(0.449600319919,0.,0.893229842946));
#2328 = ADVANCED_FACE('',(#2329),#2340,.F.);
#2329 = FACE_BOUND('',#2330,.F.);
#2330 = EDGE_LOOP('',(#2331,#2337,#2338,#2339));
#2331 = ORIENTED_EDGE('',*,*,#2332,.T.);
#2332 = EDGE_CURVE('',#175,#744,#2333,.T.);
#2333 = LINE('',#2334,#2335);
#2334 = CARTESIAN_POINT('',(-11.30122880725,-110.8908330798,
    36.099329757999));
#2335 = VECTOR('',#2336,1.);
#2336 = DIRECTION('',(0.,1.,0.));
#2337 = ORIENTED_EDGE('',*,*,#751,.T.);
#2338 = ORIENTED_EDGE('',*,*,#2315,.F.);
#2339 = ORIENTED_EDGE('',*,*,#182,.F.);
#2340 = PLANE('',#2341);
#2341 = AXIS2_PLACEMENT_3D('',#2342,#2343,#2344);
#2342 = CARTESIAN_POINT('',(-11.30122880725,-110.8908330798,
    36.099329757999));
#2343 = DIRECTION('',(0.738309898575,0.,-0.674461632464));
#2344 = DIRECTION('',(0.674461632464,0.,0.738309898575));
#2345 = ADVANCED_FACE('',(#2346),#2357,.F.);
#2346 = FACE_BOUND('',#2347,.F.);
#2347 = EDGE_LOOP('',(#2348,#2354,#2355,#2356));
#2348 = ORIENTED_EDGE('',*,*,#2349,.T.);
#2349 = EDGE_CURVE('',#167,#736,#2350,.T.);
#2350 = LINE('',#2351,#2352);
#2351 = CARTESIAN_POINT('',(-11.90122880725,-110.8908330798,
    35.13202934296));
#2352 = VECTOR('',#2353,1.);
#2353 = DIRECTION('',(0.,1.,0.));
#2354 = ORIENTED_EDGE('',*,*,#743,.T.);
#2355 = ORIENTED_EDGE('',*,*,#2332,.F.);
#2356 = ORIENTED_EDGE('',*,*,#174,.F.);
#2357 = PLANE('',#2358);
#2358 = AXIS2_PLACEMENT_3D('',#2359,#2360,#2361);
#2359 = CARTESIAN_POINT('',(-11.90122880725,-110.8908330798,
    35.13202934296));
#2360 = DIRECTION('',(0.849794971557,0.,-0.527113371407));
#2361 = DIRECTION('',(0.527113371407,0.,0.849794971557));
#2362 = ADVANCED_FACE('',(#2363),#2374,.F.);
#2363 = FACE_BOUND('',#2364,.F.);
#2364 = EDGE_LOOP('',(#2365,#2371,#2372,#2373));
#2365 = ORIENTED_EDGE('',*,*,#2366,.T.);
#2366 = EDGE_CURVE('',#159,#728,#2367,.T.);
#2367 = LINE('',#2368,#2369);
#2368 = CARTESIAN_POINT('',(-12.50122880725,-110.8908330798,
    34.242808151554));
#2369 = VECTOR('',#2370,1.);
#2370 = DIRECTION('',(0.,1.,0.));
#2371 = ORIENTED_EDGE('',*,*,#735,.T.);
#2372 = ORIENTED_EDGE('',*,*,#2349,.F.);
#2373 = ORIENTED_EDGE('',*,*,#166,.F.);
#2374 = PLANE('',#2375);
#2375 = AXIS2_PLACEMENT_3D('',#2376,#2377,#2378);
#2376 = CARTESIAN_POINT('',(-12.50122880725,-110.8908330798,
    34.242808151554));
#2377 = DIRECTION('',(0.828945625044,0.,-0.559329197092));
#2378 = DIRECTION('',(0.559329197092,0.,0.828945625044));
#2379 = ADVANCED_FACE('',(#2380),#2391,.F.);
#2380 = FACE_BOUND('',#2381,.F.);
#2381 = EDGE_LOOP('',(#2382,#2388,#2389,#2390));
#2382 = ORIENTED_EDGE('',*,*,#2383,.T.);
#2383 = EDGE_CURVE('',#151,#720,#2384,.T.);
#2384 = LINE('',#2385,#2386);
#2385 = CARTESIAN_POINT('',(-13.10122880725,-110.8908330798,
    32.415751266788));
#2386 = VECTOR('',#2387,1.);
#2387 = DIRECTION('',(0.,1.,0.));
#2388 = ORIENTED_EDGE('',*,*,#727,.T.);
#2389 = ORIENTED_EDGE('',*,*,#2366,.F.);
#2390 = ORIENTED_EDGE('',*,*,#158,.F.);
#2391 = PLANE('',#2392);
#2392 = AXIS2_PLACEMENT_3D('',#2393,#2394,#2395);
#2393 = CARTESIAN_POINT('',(-13.10122880725,-110.8908330798,
    32.415751266788));
#2394 = DIRECTION('',(0.950080882787,0.,-0.312003711776));
#2395 = DIRECTION('',(0.312003711776,0.,0.950080882787));
#2396 = ADVANCED_FACE('',(#2397),#2408,.F.);
#2397 = FACE_BOUND('',#2398,.F.);
#2398 = EDGE_LOOP('',(#2399,#2405,#2406,#2407));
#2399 = ORIENTED_EDGE('',*,*,#2400,.T.);
#2400 = EDGE_CURVE('',#143,#712,#2401,.T.);
#2401 = LINE('',#2402,#2403);
#2402 = CARTESIAN_POINT('',(-13.70122880725,-110.8908330798,
    29.077235031437));
#2403 = VECTOR('',#2404,1.);
#2404 = DIRECTION('',(0.,1.,0.));
#2405 = ORIENTED_EDGE('',*,*,#719,.T.);
#2406 = ORIENTED_EDGE('',*,*,#2383,.F.);
#2407 = ORIENTED_EDGE('',*,*,#150,.F.);
#2408 = PLANE('',#2409);
#2409 = AXIS2_PLACEMENT_3D('',#2410,#2411,#2412);
#2410 = CARTESIAN_POINT('',(-13.70122880725,-110.8908330798,
    29.077235031437));
#2411 = DIRECTION('',(0.984231240684,0.,-0.176886587568));
#2412 = DIRECTION('',(0.176886587568,0.,0.984231240684));
#2413 = ADVANCED_FACE('',(#2414),#2425,.F.);
#2414 = FACE_BOUND('',#2415,.F.);
#2415 = EDGE_LOOP('',(#2416,#2422,#2423,#2424));
#2416 = ORIENTED_EDGE('',*,*,#2417,.T.);
#2417 = EDGE_CURVE('',#135,#704,#2418,.T.);
#2418 = LINE('',#2419,#2420);
#2419 = CARTESIAN_POINT('',(-14.30122880725,-110.8908330798,
    26.127787399601));
#2420 = VECTOR('',#2421,1.);
#2421 = DIRECTION('',(0.,1.,0.));
#2422 = ORIENTED_EDGE('',*,*,#711,.T.);
#2423 = ORIENTED_EDGE('',*,*,#2400,.F.);
#2424 = ORIENTED_EDGE('',*,*,#142,.F.);
#2425 = PLANE('',#2426);
#2426 = AXIS2_PLACEMENT_3D('',#2427,#2428,#2429);
#2427 = CARTESIAN_POINT('',(-14.30122880725,-110.8908330798,
    26.127787399601));
#2428 = DIRECTION('',(0.979929371456,0.,-0.199344994814));
#2429 = DIRECTION('',(0.199344994814,0.,0.979929371456));
#2430 = ADVANCED_FACE('',(#2431),#2437,.F.);
#2431 = FACE_BOUND('',#2432,.F.);
#2432 = EDGE_LOOP('',(#2433,#2434,#2435,#2436));
#2433 = ORIENTED_EDGE('',*,*,#1280,.T.);
#2434 = ORIENTED_EDGE('',*,*,#703,.T.);
#2435 = ORIENTED_EDGE('',*,*,#2417,.F.);
#2436 = ORIENTED_EDGE('',*,*,#134,.F.);
#2437 = PLANE('',#2438);
#2438 = AXIS2_PLACEMENT_3D('',#2439,#2440,#2441);
#2439 = CARTESIAN_POINT('',(-14.90122880725,-110.8908330798,
    22.121348190617));
#2440 = DIRECTION('',(0.988971301919,0.,-0.148107271869));
#2441 = DIRECTION('',(0.148107271869,0.,0.988971301919));
#2442 = ( GEOMETRIC_REPRESENTATION_CONTEXT(3)
GLOBAL_UNCERTAINTY_ASSIGNED_CONTEXT((#2446))
GLOBAL_UNIT_ASSIGNED_CONTEXT((#2443,#2444,#2445)) REPRESENTATION_CONTEXT
('Context #1','3D Context with UNIT and UNCERTAINTY') );
#2443 = ( LENGTH_UNIT() NAMED_UNIT(*) SI_UNIT(.MILLI.,.METRE.) );
#2444 = ( NAMED_UNIT(*) PLANE_ANGLE_UNIT() SI_UNIT($,.RADIAN.) );
#2445 = ( NAMED_UNIT(*) SI_UNIT($,.STERADIAN.) SOLID_ANGLE_UNIT() );
#2446 = UNCERTAINTY_MEASURE_WITH_UNIT(LENGTH_MEASURE(1.E-07),#2443,
  'distance_accuracy_value','confusion accuracy');
#2447 = PRODUCT_RELATED_PRODUCT_CATEGORY('part',$,(#7));
ENDSEC;
END-ISO-10303-21;
